CODE_OPERATEUR,IDENTITE_OPERATEUR
CTIO,@ction telecom
AFER,@FER Conseil
2COM,+2 COM
ACOL,1.0 ACOLA
TLGT,118000
LNUM,118218 Le numéro
11FR,118500.fr
123D,123 domotique
123U,123 Multimedia
17N,17-Numerique
19131,1913 
1NCE,1NCE GmbH
2FIM,2 F IMAGE
2SIS,2 SI systemes
21NE,21NET LTD
2CIO,2C communication
2CCO,2ccom
2RSS,2RS-Solutions
2SRE,2SREI
3CNE,3 C NET
31TE,31 TELECOM
3ROA,3Roam
3TIC,3TIC
4OFF,4 office
440H,440HZ
47FI,47 fibre
4CLL,4call
4CNN,4connect
512T,512IT
6COM,6 COM
6TEK,6Tek
7724,7 7 24 24
QUEB,9341-2419 Québec inc
AARR,A.Arrow
ABNS,A.B solutions
ACRT,A.C.R.T.
AILN,A.I.L.network du pays d'Autan
AJPH,A.J. Phone
AMPR,A.M. Paris
AMIA,A.M.I Audit management intégration
A2BL,A2BL SAS
A2CN,A2C NET PRO
A2CM,A2COM
A2IP,A2IP telecom
A2KI,A2K informatique
A2LT,A2LTI
A4PL,A4plus
A5NU,A5 Numérique
A6TE,A6telecom France
A75N,A75 NETWORKS
AABA,Aabas interactive
AAMT,AAMT
ABPL,AB plus
ABAL,ABALONE
ABCM,ABC com
ABCT,ABC Telecoms
ABCD,ABCDev
AHOU,ABDEL HALIM OUARTI
ABEI,ABEILLE
ABER,ABERIA TELECOMMUNICATIONS
ABIC,Abicom
ABGX,Ablogix
ABOU,About network
ABRA,ABR
R003,ABS CONCEPT
ABSI,ABSIVAL
ABSO,ABSOLIGHT
ABSY,Absystech telecom
ABTE,ABTEL SARL
ABYS,Abysse
ACIL,AC Conseil
ACTG,AC Télémarketing
ACGS,Access Global Security
ACCH,ACCESS HEBERGEMENT
ACOP,Access'operateur
ACRS,Accompagnement réseau service informatique telecom 
ACIM,Ace immovation
ACES,Acesi net
ACE,ACETELECOM
ACHA,Achats conseil
ACIP,Acipia
ACOU,Acipia Ouest
ACNC,ACN COMMUNICATIONS FRANCE
ACTO,Acor telecoms Ouest
ACRI,Acrib
ACTS,Act service
ACTE,ACTEA TELECOM
APSE,ACTI PHONE SERVICE
AIFT,Actif telecom
ACCO,ACTIMAGE CONSULTING SAS
ACTR,ACTISTREAM
ACVA,Activatel
ACBD,Active business developpement 
ACSO,ACTIVE PLUS SOFTWARE
AIDC,Activium information design
ACLI,Activ-Line SAS
ACOR,Actualis informatique
ACBU,Actuel buro
ATUM,Actum
R005,ADAEL
ADAX,Adaxia
ADON,Add-on consulting
ADDO,Add-on multimedia
ADEA,Adealis
R006,Adeli
ADIS,Adenis
ATGP,Adept Technology Group
ADEQ,Adequatic
ADEX,Adexgroup
ADII,ADI INFORMATIQUE
ADIO,Adion telecom and services
ADIP,ADIPSYS
RMII,Adista
ADLE,ADLER TECHNOLOGIES
ADNE,Adls nexcom
ADMI,ADMI Agence de maintenance informatique
AGSI,ADMINISTRATION ET GESTION DES SYSTEMES D'INFORMATION
ACAD,"Administration, Cloud, Assistance, et Déploiement d'Infrastructures Réseaux"
ADNS,Adn systemes
ADOU,Adour bureau
ADAT,Adquat
ADSS,ADS
ADTI,ADTIM
ADTH,Adtim FTTH
ADCT,ADVANCED CARIBBEAN TECHNOLOGIES
ADWN,ADVANCED DATA WIRELESS NETWORK
AINS,ADVANCED INTEGRATED NETWORK SYSTEMS
A2ST,Advanced system solutions
ADVE,ADVENCEO
ADLI,Adverline
AERA,Aera telecom
AERL,Aerlink
AETI,Aetia informatique
AFTE,AF telecoms
AFNS,Affiliate network solution
AFIN,Afone Infrastructure
AFON,Afone participations
AFEC,Afritelec
AGAR,AGARIK SA
AGCE,Agence d'électronique
AIDL,Agence d'investissement et de développement logiciel
MPIC,Agence premium
AGUN,Agence Unicom
AG22,Agence22
DIZE,Agendize
ALRT,Agglo La Rochelle THD
AGIL,AGILITAS IT
AGOR,Agoratel
AICT,AIC Telecoms
AAFP,Aide a domicile - AAFP/CSF
AIDO,AID'O PC HOME & PRO
AILA,AILAIR
AMIE,AIN MATERIELS INFORMATIQUES & ELECTRONIQUES
ASSA,Airbus defence and space SAS
AIRC,Aircall
AIRM,Airmob
AMCS,Airmont mobile communication services
AIRX,Airx technologies Limited
AISN,Aisne THD
AITA,Ait
AJTE,AJ telecom
AKAM,Akamaï Technologies
AKIN,Akinea internet
AKIO,Akio
AKSY,Aksys network
AL66,AL66
ALCO,Alambic.com
ALAM,Alamys
ALAT,Alate 
ALBA,ALBA PHONE
ASYS,Albi technologie systèmes
ALBI,ALBIANT-IT
ALCA,ALCATRAZ INFORMATION SECURITY
ALCE,ALCETIS
AINT,Ale international
ALEK,Alekso
ALEP,ALEPH ZERO LABS
ALEI,ALERTE INFORMATIQUE
ATIM,ALERTIM
LSAG,Alès Agglomération
ALFA,ALFA.SAFETY
ALFB,Alfab
ALGA,Alfaega
ALGO,Algorys
ALKA,ALKANTE
ALKI,Alkivi
ALLC,All call
LTES,All telecom services
ATCA,All together connected
ALLA,Allance
ALCI,Allez et Cie
ALLI,ALLIANCE CONNECTIC
ALUE,Alliance informatique
AMCA,ALLIANCE MCA
ALRE,ALLIANCE RESEAUX
ATEC,ALLIANCE TECHNOLOGY
ALLT,ALLIANCE TELECOM
AXTD,Alliance Très Haut Débit
ALEL,Alliantel
ALLS,Allset
ALNE,Alnet
ALNI,Alnilam
ALON,Alone conseil
ALPE,Alpesys
ALSY,ALPHA SYSTEM
ALPL,Alphalink
ALPH,Alphatelecom
ALSA,ALSACE CONNEXIA
ALFI,Alsace fibre
AARN,Alsace réseau neutre
R012,Alsatis
ALSO,Alsotel
ALSN,Alsyone
ALTA,Altasoft
ATVX,Altavox
ALKS,Altea networks
ALTE,ALTER TELECOM
AINO,Altercamino
ALTL,Altern telecom
ALIN,ALTERNATIF INTERNATIONAL
ALIQ,Alternatiq
ATVO,Altervoice
ALEA,Altinea
ARNT,Altiore technologie
AF21,Altitude fibre 21
AF40,Altitude fibre 40
CPOD,Altitude infrastructure
AIEX,Altitude infrastructure exploitation
AITH,Altitude infrastructure THD
ALTS,ALTITUDE WIRELESS
ATSY,Altsysnet.com
ALTU,Altup conseil
LEON,Always on
AMTR,AM trust
AMAB,AMABIS
AMAD,Amadeus
ACSE,Ambition consulting et services
AMSE,AMBSE
AMDT,AMD TELECOM
AMSO,Amedia solutions
AMEO,AMEOS
AMGC,Amg com
R018,Amicale verdonnaise
AMIO,Amios
AMIX,Amix informatique
AMPL,Amplement
ANDB,Andbur
ANFI,Anjou fibre
ANEL,Annatel telecom
AEIA,Annecy expertise informatique
ANSM,Ans-com
ANIE,Antares technologie
ATNE,Antiane
ANTI,ANTILLES INTERNET ET TELECOMMUNICATIONS
ATLS,Antilles SIP
ANTP,Antilles téléphone
AOWO,Aowoa
APBM,APB-multimedia SAS
APET,APE télécom
R3LO,Apidaze
APNT,Apinet
ASIA,Aplon service informatique assistance
APOG,Apo'g
APOJ,Apoje
APPE,Appel telecom
APPI,Appius
APPL,APPLI'CALL
APWA,Appliwave
APPS,Apps2com
APLU,Appsolu
APRL,Aprile
AQSI,Aqsio
AQUI,Aquilenet
ARSY,AR systemes
ARAI,ARA Informatique
ARAT,Ara telecom
ARAG,Aragon télécom
ARAM,Aramis SI
ARYS,Aramys
ARAN,Arantel
ARAX,Araxxe
ARCA,Arcane
AMAL,Arcelormittal Atlantique et Lorraine
ARHI,Archi telecom
ARCH,ARCHIMAINE
AROM,Arescom
ARES,ARESTE INFORMATIQUE
ARNE,Ariane.network
ARGT,ARIEGE TELECOM
ARTD,Ariège Très Haut Débit
ARIO,Arios telecom
ARIS,ARISS INFORMATIQUE
ARKA,Arkadin 
ARKE,Arkena
ARLH,ARLH
ARMO,ARMOR CONNECTIC
ARQI,ARQIVA SAS
ARRA,Arras Networks
ARSE,Arselen communication France
ATEH,Ar'tech
ARTK,Artecka - informatique & telecom
ARTF,Artefact
ATLM,Artelcom 
@RTE,Arteria
ARTC,Ar-tic
ARSI,Artis
ASAP,Asap network
ASII,ASII Telecom
ASKE,Askeanet
ASPC,As-pc
ASPS,Aspserveur
ASFO,Assist info 21
ASSI,Assist@micro
AIRD,Assistance informatique du Ried
ASQU,Assistance secrétariat informatique
ASIT,Assistance service informatique et telecom
ASRE,Association des réseaux étudiants de Saclay
LDAV,Association du lotissement du domaine d'Avoriaz
IMRE,Association images & reseaux
R218,Association Nantes-wireless
APDD,Association pierres dorées très haut débit
ADNT,Association pour développement des nouvelles technologies en milieu rural PC-LIGHT
URRE,Association pour l'union des rezo des résidences étudiantes
RTPS,Association recycle ta planète solidarité
R047,Association Saint-Fiacre
ASSO,Assouka telecoms
ASSU,Assutech
ASTE,Astec informatique
ASEN,Asten
ASTO,Astorya SGI solution globale informatique
ASEA,Astrea
ASST,Astrocast SA
ASWA,Aswat
ATTG,AT&T global network services France SAS
ATAR,ATARIA CONSULTING
ATCF,ATC France réseaux
ATEI,Atea-it
AOCT,Atelier Olivier Charnay telecom
ATSS,Atelsys
ATEN,Atena-IT
ATER,Ateris informatique
ATGT,aTgT
ATHE,Atheo ingenierie
ATLA,ATLANTEAM DEVELOPPEMENT
ATME,Atlantic media
ASES,Atlantic systemes
ATST,Atlasinvest oü
ATMB,ATMB - Société concessionnaire française pour la constructions et l'exploitation
ATMA,atms Telefon- & Marketing Services GmbH
ATLI,ATOOLINK
ATMS,Atoutcoms
R064,ATPAK
ATRA,ATRAIT FRANCE
ATTK,ATRIWAN TEKNOLOGIK
R065,ATTILOG
AUBI,AUBINEAU CYRIL OTHELLO
AVIA,Audio video integration
AVSC,Audio visuel et systemes de communications
AUNG,Audis networking
AUOM,Auditelecom
AUDI,Audivox
EMOD,Auranext
AURS,AURUS SYSTEMES ET RESEAUX
AUTE,Aurus telecom
AUTI,Autis telecom
PEUG,AUTOMOBILES PEUGEOT
AUSF,Autoroutes du Sud de la France
R066,AUTOROUTES RHONE-ALPES AREA
OXYG,AUVEA INGENIERIE
AUFI,Auverfibre
AUVM,Auvergne telecom
ATHD,AUVERGNE TRES HAUT DEBIT
AUNE,Auvernet
AUNX,Auvernix
ADMM,Avanced medio matrix
AVHY,Avanti hylas 2 limited
AVAN,AVANTI TELECOM
AVEL,AVELIA
AENL,Avenel S.A.S.
AVRT,Avenir réseau télécom
AVLL,AVIATION LEGERE LOCATION
AVIT,Avitel France
AVMI,AVM Informatique
AVMM,AVM Multimedia
AWED,AWEDIA
AXAN,Ax animation
AXAL,AXALONE FRANCE
AXOS,Axantis office solution
AXEI,AXE INTERNATIONAL
AXET,Axe telecom
AEIS,Axeis
AXON,AXESS ONLINE
AXES,AXESS TELECOM
AXLY,Axialys
AXIM,Aximum
AXIN,Axion informatique
AXIO,Axione
AXLI,Axione Limousin
AXSO,Axium solutions
AXHM,Axohm
AXNG,Axone group
AXCO,Axup by b'com
R020,Aydius.net
AYRA,Ayrade
AZTL,AZ Telecom
AZAI,AZA TELECOM
AZNE,Aznetwork
AZCO,Azur consulting
AZIP,Azur IP
AZTE,Azurtem
AZYL,AZYLIS
BFIN,B & B finance
BCBC,B & C SAS BACKBONNE ET COMMUNICATIONS
BCON,B consulting
BFRE,B F reseaux
BINT,B international
BSIB,B.S.I. Benoit Sarton Informatique
B2FS,B2F System
B2YO,B2YOU S.R.L.
BAIO,Baionet
BANG,BANGA B@SE
BARC,Barco diffusions
BARN,Barna consulting S.A.S
SOBA,BATTLEFIELD ENTERTAINMENT INTL
BAYL,Baylink
BAZI,Bazile
BBIX,Bbix Europe B.V.
BBSI,BBS
BCBL,BCB CONSEILS
BCFB,BCF
BDMA,BD MULTI-MEDIA
BDTT,BDT
BE2B,Be2be telecom
BEAI,BEA informatique
BEFR,BeAssist France
JBOV,BEAUVAISJulien
BESI,Becloud solutions Italia S.R.L.
BECM,Becom
BI17,Bee Invest 17
BEET,Bee Technology
SWIS,BELGACOM INTERNATIONAL CARRIER SERVICES FRANCE SAS
BECO,Bell corporation
BELL,Bell vision
BEMO,BeMove
BECA,Bercy consulting et associés
BERC,Bercytel
BEFO,Berry fibre optique
NU18,Berry numérique
BERS,Bersam telephone
BEER,BERTREM ERIC
BNSO,Best networks solutions
BTER,Best telecom et réseaux
BETE,BeTech solution
BFCF,BFC fibre
BHAR,Bharti airtel (France) SAS
BIMM,Bicomm
BICS,BICS
BIGD,Bigdad Said
BILL,BILLEREY FABIEN
BLYZ,Billyz
BIBR,Bits brothers
BIZC,Biz'connect
BJSP,BJS Performance
BJTP,BJT Partners
BKTE,BK telecom
BSAI,BLOIS SPECIALITES AUTO INDUSTRIE
BLFA,Blue face Ltd
BLNT,Blue Networks Technologies
BLRA,Blue radar
BLWI,Blue wire
BWEU,Blue wireless (Europe) B.V.
BLOM,Bluecom
BLUG,BLUEGIX
BLUE,Blue-Infra
BOLL,BOLLORE TELECOM
BOME,Bordeaux métropole
BSAM,Boss informatique S.A.M.
BOUF,BOUFRIOUA Renaud
BOUN,BOUNOUA KHERDINE
BFCN,Bourgogne Franche Comté numérique
BOUT,Bouteiller Mehdi
EXMM,Bouygues E&S FM France
BOUY,Bouygues Telecom
BOX4,Box4b
BISN,Bozon image et son
BRZN,Breeze Networks Limited
BRSO,Breizh solutions
BRVO,Breizh voip
BREI,Breizhtux
BRSS,Bresse telecom
BRET,Bretagne Telecom
JUBR,BRIARD Justin
BRBV,Broadband Hosting BV
BROK,BROKER TELECOM
WEER,Bryk Emmanuel
BSIP,BS IP
BSOC,BSO NETWORK SOLUTIONS
BTSI,BT France
BUDG,Budget télécom
BUFFE,Buffello Alain
BUEV,Bureaux evolution
BU14,Burologic
BU49,Burologic 49
BU72,Burologic 72
BU76,Burologic 76
BU85,Burologic 85
BUSI,BUSINESS & DECISION INTERACTIVE EOLAS
BUTE,Business telecom
BUTS,Business télécommunications services
BSNS,BusinessIn.fr
BYMI,By micro
BYON,BYO NETWORKS
BPHN,Byphone Ltd
CISI,C ISI
CCMT,C&C medias telecom
CGIS,C.G.I.S (CONSEILS GESTION INFORMATIQUE SERVICES)
DEDI,C@P Connexion
C2IP,C2IP
CABA,CABALLERO SYLVAIN
FALG,CABINET CONSEIL EN INFORMATIQUE FALGON
CRAN,Cachan réseaux à Normale sup (CRANS)
CACI,Caciis
CAEN,Caen.com
CAFA,CAFAI - Champagne Ardenne fournisseur associatif d'accès à internet
CALA,Calade technologies
CLLY,Call 4 you
CFRY,Call factory Ltd
CALP,Call power
CLSV,CallServices Ltd
CACO,CAMERA-CONTACT
CCLD,Camping caravaning les dunes
MIAS,Canal+ Telecom
CAGO,Cap antigone
CPCN,Cap communication
CAPT,CAP TELECOM
CPOM,Capacom
CAPA,CAPAIX CONNECTIC
CAPE,Capecom
CAPI,CAPINFO
CABU,Capital bureautique
CAPS,CAPS TRES HAUT DEBIT
CABO,Carbodebit
CARI,CARIB SAT
CARM,CARIBBEAN TELECOM MARTINIQUE
CADI,Carpe diem
CAFO,CARREFOUR ORGANISATION ET SYSTEMES GROUPE
CARC,CARRIBEAN CABLE COMMUNICATIONS (ANGUILLA) LIMITED
CASS,Cassidian cybersecurity SAS
CAIT,Castle IT
AKEO,CAT
CAUX,Caux telecom
CBSY,CB SYSTEM
CBTE,CB Tel
CCMD,CC MEDIA
CCID,CCI de région Normandie
CCET,Cconect
CDAC,CDA
CDKG,CDK global (France) SAS
CDOK,C-doki France
CDSY,Cd-sys
CDXT,CDX Telecom
CEDE,Cedetel
CEFF,Ceffage
CGIT,Cegedim IT
CEOT,Cegelec Ouest telecoms
CEIC,CEI - Catalogne environnement informatique
CELE,CELEA CONSULTING
ADSL,Celeste
CEHI,Cellhire (France)
CELL,Cello 
CELY,Celya
CNTR,Centaurion SAS
CCEE,Central Com Entreprise
CERE,Centrale réseaux
CENE,Centraphone
CEFR,Centre de formation et de recherche à la relation d'aide et de soins
CRIH,Centre régional informatique et d'applications numériques de Normandie
CENC,Centrex France
CETR,Centrex Outremer
GPEN,CenturyLink communications France
CERI,Ceriz
CETS,CETSI
CGCO,CG communications 
CHAM,Cham
R073,CHAMBRE DE COMMERCE ET D'INDUSTRIE D'AJACCIO ET DE LA CORSE DU SUD
CIBC,Chambre de commerce et d'industrie de Bastia et de la Haute Corse
R074,CHAMBRE DE COMMERCE ET D'INDUSTRIE DE BORDEAUX
R075,CHAMBRE DE COMMERCE ET D'INDUSTRIE DE BREST
CCIP,Chambre de commerce et d'industrie de Paris Ile-de-France
CNCA,Chambre de commerce et d'industrie Nice Côte d'Azur
CCIN,Chambre de commerce industrie Nantes Saint-Nazaire
CMTD,Charente-Maritime Très Haut Débit
CMIN,Chartres métropole innovations numériques
CHHE,Chaul'hertz
CHTF,Cheops technology France
CHDP,CHER HAUT DEBIT
CHVL,Chevallier
CHEY,CHEYNET JEROME
CHIM,CHI Pays du Mont-Blanc
CHAI,Chimchai
CMIF,China mobile international France (CMI France)
CTFL,China Telecom (France) Limited
CHIN,China Unicom (Europe) operations limited
CHRY,Chrysalead-group
CIRC,Circet
CIRR,Cirrus
CIRT,CIRTEL
CISS,CISSE Béatrice
CITC,CIT
MIRO,CityFast
CITY,CITYPASSENGER
CIVF,CIV France
CLSY,CL Systems
CLAR,Claranet
CLOM,Clem com LTD
CLER,Clementier
CLMY,Clemessy télécommunicaitons
CCNE,Clermont Communauté networks
CLEST,Clever twist
CLEV,CLEVERNETWORK
CLON,Clic on line
CLIC,Clicspot
CVMN,Cliveman
CLAD,Cloud advice
CLND,Cloud normand
CLO9,Cloud9 mobile communications
CLTA,Cloudata
CLFI,Cloudi-Fi
CLIT,CLOUD-IT
CNMB,Cloudnimbus Holdings Ltd
CUIC,Club des utilisateurs d'internet à Creysseilles
R024,Club informatique
REAU,Club telecom
CLXN,CLX NETWORKS AB
CMTF,CM Telecom France
CMRE,CMRE Logiciel
CMRP,CMRP
CXIS,Coaxis hosting
COCO,Cocosurf
CODC,Codecom
CDPI,Codepi
COEX,Cofintex 6 SA
COFX,Cofintex 6 SA
COFI,Cofiroute
COGE,Cogent communications France
COGI,Cogidis
COLI,Colibriwithus
CLBR,Collaboration Services
CLSC,Collecte localisation satellites
CSBY,Collectivité de Saint-Barthélémy
COLT,Colt technology services
COMK,Com network
CMNC,Com' on connect
COMO,Com services pro
COUC,Com Unic
CMTN,Comactions
COMC,Comcable
COCL,Comcloud
COMA,Comeca
COME,COMEVA
COSK,Comin desk
COMI,COM'INT
COEL,Comiptel
CCES,Comité Champs Elysées
CFKP,Comité des fêtes de Kermeur en Plougonven
COML,Comlink
COCM,Commerce and communication
COHD,Comminges haut débit
ACCM,Communauté d'agglomération Arles Crau Camargue Montagnette ACCM
CABM,Communauté d'agglomération Béziers Méditerranée
CAAG,Communauté d'agglomération Carcassonne agglo
CACH,Communauté d'agglomération Châlons-en-Champagne
CA63,Communauté d'agglomération Clermontoise-Clermont Communauté
CAPC,Communauté d'agglomération de Grand Châtellerault
CAGN,Communauté d'agglomération du grand Narbonne
CAGV,Communauté d'agglomération du Grand Verdun
CAST,Communauté d'agglomération du Pays de Saint-Omer
GPSE,Communaute d'agglomération Grand Paris Sud Seine-Essonne-Senart
CA34,Communauté d'agglomération Hérault Méditerranée
CA30,Communauté d'agglomération Nîmes métropole
CAPP,Communauté d'agglomération Pau Béarn Pyrénées
CA57,COMMUNAUTE D'AGGLOMERATION PORTES DE FRANCE-THIONVILLE
CAQB,Communauté d'agglomération Quimper Bretagne Occidentale
CA91,COMMUNAUTE D'AGGLOMERATION SEINE-ESSONNE
CAVA,Communauté d'agglomération Valenciennes métropole
CCBA,Communauté de communes Beaucaire Terre d'Argence
CACE,COMMUNAUTE DE COMMUNES CESTAS CANEJAN
CC31,Communauté de communes coeur et coteaux du Comminges
CCBE,COMMUNAUTE DE COMMUNES DE BIEVRE EST
CCPT,Communauté de communes de Petite Terre
R196,COMMUNAUTE DE COMMUNES DES COTES DE CHAMPAGNE
RVDM,COMMUNAUTE DE COMMUNES DU CANTON DE RIBIERS
CCPB,Communauté de communes du Pays de Bitche
CCSL,Communauté de communes du Saulnois
CCFG,Communauté de communes Faucigny-Glières
CPLD,COMMUNAUTE DE COMMUNES PROVENCE LUBERON DURANCE
RIMO,Communauté de communes Rives de Moselle
CUCM,Communauté urbaine Creusot Montceau les Mines
CUGR,Communauté urbaine du grand Reims
AMEB,Commune Ambérieu-en-Bugey
COAL,Commune d'Albertville
CA81,Commune d'Albi
COAM,Commune d'Ambes
COAU,Commune d'Auriol
COBE,Commune de Berck
CBON,Commune de Bonnétable
BO74,Commune de Bonneville
BSMA,Commune de Bourg Saint Maurice - Les Arcs
CAYE,Commune de Cayenne
CHLL,Commune de Challans
CCEC,Commune de Châlons-en-Champagne
CCMO,Commune de Collonges au Mont d'Or
COFR,Commune de Fontenay-aux-Roses
HRDT,Commune de Hardricourt
COHO,Commune de Houilles
HUUE,Commune de Huningue
CMMA,Commune de Mâcon
MLTV,Commune de Malataverne
COER,Commune de Marignier
MLSH,Commune de Molsheim
MTGT,Commune de Montgermont
LPSB,Commune de Pavillons-sous-Bois
SA97,Commune de Saint-André
COSF,Commune de Saint-Florent-sur-Cher
SGLA,Commune de Saint-Germain-en-Laye
SLZE,Commune de Solaize
VPRX,Commune de Villepreux
3LET,Commune des Trois Ilets
COHE,Commune d'Hebecourt
COIG,Commune d'Igny 
COIN,COMMUNICATION INTERACTIVE
CNMD,Communication network managed
COEN,Communication Océan Indien
COMG,Communication@Marketing
COMN,ComNot
CRET,Compagnie de réalisation et d'études téléphoniques CRET
R076,COMPAGNIE EUROPEENNE DU HAUT DEBIT CEHD
CPEM,COMPAGNIE PHOCEENNE D'EQUIPEMENTS MULTISITES (CPEM)
CLIM,Compatel limited
COMP,Completel
CNDT,Comptoir normand de téléphonie
CGMF,Compugroup medical France
CFIN,Computer finance
CMSC,Computer multi services
UNPE,COMUE université Paris-Est
COCR,Comunik CRM
COMU,Comutex
COPT,Concept numerique
CIII,Conception et ingénierie en informatique industrielle
CTEL,Concord télécom
CTIC,Conetic
CONX,CONEXDATA
CXTM,Conexio telecom
CPLT,Conference platform Ltd
CONF,CONFLUENCES FIBRE
CNNT,Connect
CNCT,Connect 76
CNNL,Connectel
COTI,Connection
VEIT,Connective-it
COXI,Connex it
CNBO,CONNEXION BY BOEING IRELAND LIMITED
CNTM,Connexion telecom
CD51,Conseil départemental de la Marne
CDDA,Conseil départemental de l'Ariège
CDHE,Conseil départemental de l'Hérault
CDLA,Conseil départemental de Loire Atlantique
CGAR,Conseil départemental des Ardennes
O973,CONSEIL GENERAL DE GUYANE
CG85,Conseil général de la Vendée
CG10,CONSEIL GENERAL DE L'AUBE
CG39,Conseil général du Jura
CIME,"Conseil Informatique Maintenance Expertise Services, CIMEX-SERVICES"
CRTI,Conseil réseau télé-informatique
CTRC,Conseil télecom et réseaux
COSE,Consept services
COPR,Constel pro
CSAE,Consulting sales and events
COAT,Contact informatique
COOI,CONTACT OI
CIPE,Convergence internet protocole engeneering
CVIT,Convergence ITC
CVSY,Convergence systems
COOL,Coolwave communications Limited
COPW,Copwell 
COSL,Corail systems
CORA,Coral telecom
CRSO,Coraso
COSY,Coresystem
CORI,Coriolis telecom SAS
CDDY,Corporate distribution diversity
CDIN,CORSE DIFFUSION INFORMATIQUE
CORF,Corsica fibra
CORS,CORSICA HAUT DEBIT
COKS,CORSICA NETWORKS
CONE,CORSICALINK NETWORKS
CSME,Corsysteme
COTE,COTEAUX ET VALLEE DE L'HERS NETWORKS-COVAL NETWORKS
CTTL,Cottel réseaux
AXAF,Covage
TDSP,Covage 2 Sarres
CO92,Covage 92
DSP1,Covage Calvados
TUTO,Covage Côte Fleurie
TUHS,Covage Haute-Savoie
TUMO,Covage Moulins-lès-Metz
TTNY,Covage Nancy
COVA,Covage Networks
DSHD,Covage Saône-et-Loire
TUD6,Covage Somme
COAG,Covage THD
COVE,COVERAGE COMMUNICATION
CPMI,CPM Informatique
RHOV,C'Pro networks
CPRT,CPRT (COMMERCIALISATION DE PRODUITS RESEAUX TELECOM)
CRLI,CREALIZ
CRYM,Creatym
CREA,CREAWEB
CRTE,Cresses telecom
CREU,Creusot Montceau Networks
CRHH,CRH
CROI,Croissance+
CSAG,CSAG coprosecurit radiosystem
CSXT,CSX telecom
CTHU,CT hub
CTEK,Cteky 
CTNX,CTNEX
CTSC,CTS COMPUTERS AND TELECOMMUNICATIONS SYSTEMS
CTV8,CTV
CUBE,CUBE
CTFR,Cubic telecom France
CUCC,CUCCIARRE JEAN MARC JOSEPH
CUST,CUSTOM CONNECT MW B.V.
CYBP,CYBER EUROP
CYAC,Cyberfact
CYDS,Cyd-solutions
CYTA,CYPRUS TELECOMMUNICATIONS AUTHORITY
D2SI,D2SI INFORMATIQUE SERVICES
D3TE,D3 TELECOM
DAHC,DAHCAR TELECOM INCORPORATED N.V.
MURP,Daisy wholesale limited
DALA,DALASON GMBH
R209,DALIX JULIEN
DALT,Daltoner
DAMI,Dami Drôme Ardèche micro informatique
DAOT,Daotec ltd
DARK,Darksea
DSES,Data solutions et services
DTEL,Data Telecom
DPUS,Datacampus
DAIT,Data-It
DTNU,Datanaute
DAIR,Datavenir
DTXN,Dataxion
DAUF,Dauphin telecom
DAUP,DAUPHIN TELECOM GUADELOUPE
DTIN,Dauphin telecom infrastructure
DIVA,Davi
DVDT,David telecom
DBSY,DB systel GmbH
DBTE,DB telecom
LPFI,DCOM solutions
DDOO,DDO Organisation
DDPT,DDP telecom
DEGR,DE GRASSE DES PRINCES D'ANTIBES Arnaud
COEM,De Oliveira Martin Gersao Miller Pedro
DERA,De raw
DETE,DEBITEX TELECOM
DBGQ,Débug informatique
DECK,Decknet
DECY,Decyben
DEDA,DEDALOS
DEEW,Deewigo
DELG,Deleg media
DELE,Deletec
DELF,Delfynet France
DESY,Delta systeme
DEOM,Delta telecom
DELI,Delta-line
DEMA,DEMASYS
DEEL,Dematel
DENA,Denaroo
DENI,Denima led grow Ltd
DP16,Département de la Charente
DP21,Département de la Côte-d'Or
DP52,Département de la Haute-Marne
DP48,Département de la Lozère
DP71,Département de la Saône-et-Loire
DPSA,Département de la Savoie
DP86,Département de la Vienne
CG38,Département de l'Isère
DP89,Département de l'Yonne
CG22,Département des Côtes d'Armor
DP79,Département des Deux-Sèvres
CG64,Département des Pyrénées-Atlantiques
DPPO,Département des Pyrénées-Orientales
DPFI,Département du Finistère
DP56,Département du Morbihan
DP81,Département du Tarn
DERT,DERTILIS Christian
DSCS,Descis
DTGB,Deutsche Telekom Global Business Solutions France
DEVC,DEVCLIC
DEVO,Devopsys
MAXT,DEVTEL
DGCO,DG conseil
DIAB,Diabolocom SAS
DIAL,Dialotel
DIAM,DIAMS VEIL (CENTREX TELECOM)
DIAT,DIATEM
DMTT,Didia marketing tech telecom
DIDW,DIDWW Ireland Limited
DGLL,Digicall
BUYC,Digicel Antilles Françaises Guyane
DIFR,Digicel Investments France
DICU,DIGICUBE
DFRA,Digifrance
DIMI,Digimium
DISO,Digit solutions
DGLP,Digital Global Pass
DILI,Digital Liance
DIMX,Digital max
DIPR,Digital progress
DRIN,Digital rural informatique
DSPR,Digital solutions prod 
DVEN,Digital virgo France
DIGT,Digitali
DICE,Digitaltech France
DIGR,Digitnoveo group
DIGI,DIGITRAD FRANCE
DIME,Dimension data France
DIMT,Dimension Telecom
DIMS,Dimsys
DIOP,Diplomatic operateur
DISE,Direct info service
DITE,Direct telecom
DITL,DIRECTELECOM
DIRL,DIRLAND SA
R082,DISDIER JEAN-CHRISTOPHE
CAPW,D'ISSERNIO Nicolas
DI2N,DISTEO 2NSI
DIVI,Division telecom
DIXD,DIXDATA
DIXI,DixitCall
DJAS,Djase'o
DLKE,D-Lake
DMPI,DMP Informatique
DC33,Document concept 33
DOKO,DOKOTEL
DOVI,Dolce vista
DOLM,DOLMEN IT
DOCO,Dome Connect
DOMO,DOMOTEK
DMTL,Domot'île
DOMS,DOMSPOT
DOTS,DOT SMART
DLFE,Doubs la fibre
DOVO,DOVOCOM
DRIMI,Driminfo
DSCO,DS CONSEILS
DSMI,DSMI
DTMS,dtms GmbH
DULC,DULCINEO
BART,Dunkerque Grand Littoral Networks
DUST,Dust mobile
EKIP,E KIP MEDITERRANEE INFORMATIQUE
EMAJ,E maj
EWPT,E world concept
EMES,e*Message Wireless Information Services France
EBEB,E.B.
EPMC,E.P.M. connectique
EREL,E.R. électronique
ESES,E.S.E. S.A.R.L.
ESTC,E.S.T. Com
ETGE,E.T.G.
ETPM,E.T.P.M. de travaux publics multiples
HUGO,E.U.R.L. HugoProd
ESYC,E@sy com
EADE,Easy deal
EASI,Easy service informatique
EASC,EASYCELL SERVICES
EAIA,Easylia
EASY,Easynet
EBIN,EBInfo
EBIS,Ebisca
EBPA,Ebkom Paris
EBLI,EBLULITE
EBOE,e-BO enterprises
EC2I,EC2I
ECCR,ECCR SARL
SOLA,EchoStar mobile limited
ECHO,Echovox SA
ECIS,Ecis
ECLD,E-cloud
ECOM,Ecométrie
DIUM,e-Compendium
ECOC,Economictel
ECOT,Ecotel pro
ECRI,ECRITEL
ECSE,ECS Espace Corse Sécurité
EDGI,EDGI CONSEIL
EDIP,Edipoles
EDXN,Edx network
EFIS,Efisens
EGDE,E-Guide ltd
EI78,Eiffage connectic 78
FORC,EIFFAGE ENERGIE BASSE NORMANDIE
EIKO,EIKO
EINO,Einova
SAVB,EIRL LAGRANGE Yoann
EKIO,Ekiom
MISE,éKip
HADR,EL HADRI Mohammed
EGCF,Electricite generale et courants faibles
ELNF,Electron network free
ELIP,Elipro
ELTT,ELIT ECHNOLOGIES
ELCO,ELITE COMMUNICATIONS EUROPE
EISV,Elite informatique service
ELOC,Elocys
ELOQ,Eloquant
ETEL,Eltel
ELYA,Elyacom
EMAG,E-mag numerique
EMBP,EMB electronique Midi Pyrenees
EMER,Emeraude THD
SVET,EMRITH Vidianand
EMSN,E-MSN
EMTX,Emtex GmbH
ENBC,ENB consult
ENCO,ENCOM CONSEIL
ENEO,E-NEOLAB
ENGE,Engelvin T.P. reseaux
ENIY,ENIYO-INGENIERIE
ENOC,Enocom
ENOO,Enoovo
ENOV,E-novation technologies
ENSS,ENS EUROPEAN NETWORK SERVICES
ente,Entela
ESFR,Enterprise Services France SAS
ENTR,Entratel services
ENTA,Entreprise de nouvelles technologies des Alpes
ETJC,Entreprise de télécommunications Jean Cuvelier
DECI,ENTREPRISE DECIMA
EPTL,Entreprise des Postes et Télécommunications
ELDT,Entreprise lyonnaise de téléphonie
ETTA,Entreprise téléphonique de Tarentaise
EONE,EONE TELECOM
EPOD,Epodys
EPSI,EPSILON TELECOMMUNICATIONS LIMITED
EQEX,Equadex
EQAL,E-QUAL
EQUA,EQUATION
ERBI,Erbium
ERPR,Erdeljan Predrag
ERID,Eridam
ERTE,ERTELECOM
ESAN,E-santé France
AZLG,ESCARIO BLANCO JULIEN (AZYLOG)
ESEN,Esendex
ESEY,Eseye limited
ESRE,Espace reguant
ESGD,Espace sécurité GDJ
ESPA,Espace Technologie
ENTH,Essonne numérique Très Haut Débit
ESLM,Estelecom
ETCO,ET conseil
ETER,Ete reseaux
ETCM,Etelcom
ETHE,ETHERACTIS
ETHI,Ethicphone
ETIC,Etic network
ETIM,Etimia
ETEX,Etix everywhere Vendée
ETOI,Etoile Dièse
ECTY,Ets Conty
TEIX,Ets Teixtel
EUCL,Euclyde
EUNE,euNetworks
EURA,EURAFIBRE
EULH,Eure et Loir THD
EURE,Eure Normandie THD
EURK,Eurek@
EURS,Euristel
ATOU,EURL àtout-web
EXCI,EURL Excelium informatique
GBIN,EURL GB informatique
EBBS,Euro Broadband Services Srl
EURN,Euro information
ESIO,Euro système d'information
EUEL,Euroditel
NRJ,Euro-Information telecom
EUIN,Eurolane informatique
EUFR,Europasat France
R088,EUROPE TELECOM
ECSS,Européenne de communication et de service
EURO,EUROWER.FR
EUTS,Eutelsat SA
EVAE,E-VA
EVET,eVe Télécom
EVEA,Evea group
EVMI,Even media interactive
EVRD,Everdata
ERGA,Everko
EVSE,Everlink services
EVIA,E-via S.p.A.
EVOT,Evo telecom
EVOL,EVOLIX
EVTS,Evotys
EWAY,Eway telecom
EWIT,E-WI telecom
EXCE,EXCENTRE
EXEL,Exelient ways LTD
EXOD,Exodata
EXPE,Expertmédia
EPTC,Expert-telecom
EXTE,External com
EYES,Eyes telecom
FMBF,F.M.B.
FPSF,F.P.S.
F2MM,F2M
FACO,Facom
FAFX,FACTOR FX
FACT,Factoria telecom
FAIB,Faibreizh
ASFA,Faimaison
FAIR,Faircom
FAKT,FAKTORI
FALI,FARLIS
FTCF,Fast connect
FAST,FASTO FRANCE
FAWA,Fastwan
FACY,FAURE Cyril
FAUR,Faurie network
FMTE,FAX MAIL TELECOM
FCMI,FC micro
FCTE,FC telecom
FCRM,FCR media Belgium
FEBO,Febo telecom limited
FFWI,FEDERATION FRANCE WIRELESS
FEOT,FEO TELECOM CONSEIL
FERA,Féraud Grégory
R089,FHM SOLUTIONS FRANCE
FHOS,F-host
FI31,Fibre 31
FAFO,Fibre agglo Forbach
FI44,Fibre44
FIOD,FIBRES OPTIQUES DEFENSE - FOD
FIBS,Fibris
NXTO,Fiducial cloud
FILL,Fillols sans fils
FILO,FILO
FEAS,Financière Eggermann & associés
FING,Fingerprint technologies
FIST,First step
FIWA,First wan
FIRS,First wan delivery network services
FLAS,Flash contract
FLAL,Flashcall Ltd
FLEX,Flex network
FLSI,Flexsi services
FLES,Flow line technologies
FMPR,FM PROJET
FMIT,FMI Telecom
FOGG,Fogg mobile AB
CIRQ,Foliateam cloud
INIT,Foliateam operateur
BCOM,Fondation b-com
FONT,FONTAINE DIDIER
FONU,FORCLUM NUMERIQUE
FOMM,Forcomm
FRST,Forest
FESI,Formation et solutions informatiques
FRAM,FrameIP
FRCO,France communication
FFPS,FRANCE FPS
FRHA,FRANCE HARDWARE
FTPH,France téléphone
FETY,France telephony
FRNY,France telephony
FTHD,France THD
FRUN,France Unicom
FWTE,FRANCE WIRELESS TECHNOLOGIES
FRNE,Franciliens.net
FREE,Free
FRCA,Free Caraïbe
FRDI,Free dial
PN,Free Infrastructure
FRMO,Free mobile
ONET,Free réseau
COPO,Freecopro
FRDO,Freedom network
FREK,Frekences
FDN,French data network
FUCT,Full-connect
FULL,Fullsave
FUZE,Fuze Europe B.V.
FXTE,Fxtelecom
G2FC,G2F.COM
G2JC,G2J.COM
G3CO,G3 comms
CWNC,"GALINSKY-HAGEN David, Rajmund"
GCOM,Gamac
GAMI,Gamitel
GABC,Gamma business communications limited
GANS,Gamma network solutions limited
GATH,Gamma telecom holdings limited
GATL,Gamma telecom limited
GARO,GARONNE NETWORKS
GASC,Gascogne FttH
GAYB,Gayet Benoït Eddy
GBEL,Gbell
GBIE,GBI HQ COOPERATIEF U.A.
GECO,Geco-IT
GEDE,Gedefi conseil
GEDR,GEDR GLOBAL TECHNOLOGIES
GKKO,Gekko
GMTQ,Gematique
GENC,Genco
GNSO,General network solutions
GSTE,Generis system telecom
GTLB,Genesys telecommunications laboratories B.V.
GIPS,Gen-IP Solutions
GENI,GENIPROJ
GGSO,Gentel global solutions
GENU,Genuxsys
GEOT,Geo telephonie
GEOC,Geocom
GEOF,Geofnet 
GESS,Geolink satellite services
GEHD,Gers haut débit
GERS,Gers numérique
GESI,Gesika
GEST,Gestion telecom services
GETG,Get & go telecom
GHVO,Ghvoip
GIAM,Giammatteo réseaux
GIBM,Gibmedia
CLIP,GIE convergence Laon informatique publique
SHBI,Gigalan-networks
GIMM,Gimmick
GINK,Ginkgo
VENU,GIP Vendée numérique
GIHD,GIRONDE HAUT DEBIT
GTHD,Gironde Très Haut Débit
GIXE,Gixe
GLAF,GLAFIBRE
GLOC,Global business connect
GCFI,Global Caribbean Fiber
GCNW,Global caribbean network
GDAY,Global digital agency
GLBY,Global dynamics
GLPA,Global partner
GLPT,Global premium telecom B.V.
GTSE,Global telecom services
GTSV,Global telecom services BV
GLWF,Global wifi France
GLOB,Globalstar Europe SARL
GLOA,Globaltel
GLSE,Globe services
GLBC,Globecast France
GLCH,GlobeTouch AB
GLLL,Glotell BV
BGBS,GMES Bugbusters
GOTE,GO TELECOM
GOBO,GoBox
GOOG,Google voice Ltd
GOSI,GOSIS
GOTL,Gotel
GOUM,Gourmelen Ronan
GOYA,Goyacom
CHAL,Grand Chalon networks
GDHD,GRAND DAX TRES HAUT DEBIT
GLTV,Grand Lille TV
GLHD,Grand Lyon THD
POIT,GRAND POITIERS NETWORKS
GORT,Grand-Ouest régie télévisions
GRAZ,Graniou azur
GROI,Graniou Océan Indien
GRFR,Graphnet France
GRNE,GRAVELINES NETWORK
GRBU,Green bureautique
GRCT,Green cube technologies
GREE,Green data center 1
GRGE,Grenat gestion
GREN,GRENIER DES MASCAREIGNES-OCEAN INDIEN
GRWI,Grenoble wireless
GAME,Grenoble-Alpes Métropole
NODE,Grenode
GRID,Grid telecom
ECMN,GRILHAULT DES FONTAINES Jean-François
GRSS,Groupama supports et services
GRAG,Groupe Agitel
GPAM,Groupe Allo-Media
GB6,GROUPE B6
BFRB,Groupe BFR business
BHBV,Groupe BHBV
GCCO,Groupe convergence.com
CYRE,GROUPE CYRES
GRDE,Groupe delta
ID2I,Groupe id2i
GRIN,Groupe integr'it
KMGR,GROUPE KM
LGMV,Groupe LGMV consulting - Global Télécom
GMBJ,Groupe MBJ
GRIF,Groupe rennais pour un internet fourni de maniere ouverte et neutre
RIPP,Groupe Ripp
GRSE,Groupe S.E.
GRTY,Groupe telecom Yvelines
GPTO,Groupe telecoms de l'Ouest
GROU,Groupeer technologies
GRAM,Groupement des radios associatives de la metropole nantaise
GSEB,Groupement service aux entreprises
GSCO,GS Communication
GTIE,GTIE TELECOMS
GUDI,Guadeloupe digital
GTPM,GUADELOUPE TELEPHONE MOBILE
ISBI,Guettouche Marc
GUHE,GUILBERT Hervé
GUIL,Guiloufi Sonia
GUYA,Guyacom
GUNW,Guyane networks
GUYN,Guyane numerique
GYPM,GUYANE TELEPHONE MOBILE
GWND,Gwenadu Global Services IT
HHCG,H & H consulting
HABE,Habeum
HATE,Hach tel
HGEN,HAGEN Ursula Marie
HDSI,HALGAND François Pierre
HALY,Halys
HMAE,Hamae
HAMR,Hamrah Tel
HAPP,Happy telecom
HARM,Harmony hosting
HASG,Hasgard
LIWI,Haut débit Ventadour
R029,Haute aspe haut debit
HGNU,Haute-Garonne numérique
HPNU,Hautes-Pyrénées Numérique
HRTL,HAUT-RHIN TELECOM
HB07,HB7
HEAL,Health dataline Europe 
HEAP,HEAPSYS
HESO,Heaux solutions
HECP,HEConcept
HEDI,Heditrading
HELB,HELBERT EMMANUEL
HELI,HELIANTIS
HELM,Helium
HELP,Hello pro
HELLO,Hello telecom
HELL,Helloagency 
HEOS,Heosys
HPTC,Heptacom
HRLT,HERAULT TELECOM
DSPT,Hérault THD
HERB,Herbrecht José
HEST,Hestia
HEWL,HEWLETT-PACKARD COMPANY
HEOM,Hexacom
HEGL,HEXAGLOBE
HEXA,Hexanet
HETE,Hexatel
HETO,HEXATOM
HFYM,HFY Multitec
HGCL,HGC global communications (UK) limited
HIBE,Hibernia Atlantic cable system Limited
HIME,Hibernia media (UK) Limited
HIBO,Hibou
HICO,High com
HIGH,High connexion
HIOM,High telecom
HIOU,HIGHTECH-OUEST
HINA,Hinata interconnect H.I.C.
EURV,Hipay
HIPC,Hipcom
HITE,HI-TECH DEPANNE
HMPA,HM partners
HOAR,HOARAU OLIVIER CLOVIS
HOIS,Hoist group France
HOLD,Hold on
MDIA,Holding 123 media corp
HOLO,Holonet35
HOPU,Hopus
HOTE,Horizon telecom B.V.
HOVO,Hosted voip
HDC3,Hosting data center 34
HOTS,Hotsplots GmbH
HP3I,HP3I
HRNE,HR NET
HRTE,HR telecoms
HUBT,Hub One
HUME,HUMEAU Benjamin
HYSI,Hydromel - solutions informatiques
IAGI,I agility
IDTC,I D T C S
IVIS,I vision
IESI,I.E.S INFORMATIQUE
ITDS,I.T.D. system
ITTI,I.T.I.
ITMI,I.T.M. - Installations téléphoniques modernes
SFRI,iBASIS France
IBCI,IBC
IBCD,IBC dialog
ILOO,Ibloo
IBLO,Ibloo pro
IBOO,IBO
IBRO,IBROWSE
ICEA,ICEA (INFORMATIQUE-CONSEIL-EQUIPEMENT-ASSISTANCE)
ICES,Iceseven
ICOD,ICODIA
ICAB,Icomera AB
ICFR,Icomera France
ICNN,I-Con SA
ICNE,Icone
ICS0,ICS
ICUK,Icuk computing services LTD
IDCO,ID concept
idte,Id tels
ID2S,Id2son
IDAL,Idalie
ITAM,Idatacom
IAED,Idea
IDNS,Ideal solutions
3620,Idelio
IDEN,IDENOVIA
IDFT,IDF telecom
IDIE,Idi informatique
IDIN,Idinfo
INPC,Idline
IDOM,Idom technologies
IDSO,IDSO
IDSY,Id-sys informatique
IDTR,IDT RETAIL EUROPE LTD
LIAZ,Ielo-liazo services
IFTE,IF technologies
ALTI,IFW SAS
IGWA,Igwan.net
IKAC,Ikacom 
IKOI,Iko
IKOU,IKOULA NET
ILIA,ILIAD
ILIC,Ilico-  Internet Libre en Corrèze
ILLI,ILLICO RESEAU
ILLY,Illyse
IMAJ,Imajing
IMOP,Imoptel
IMSO,Impro solutions
IMPR,Improveus
IMSD,IMS dynamics
IMSN,IMS Networks
IMSP,IMS partners
INVA,In vactis
INCI,Incitat environnement
NCLD,Include Ltd.
INRT,Inconcert France
INCT,inContact
INEN,In'Energies
INED,Ineo Défense
ICID,Ineo digital
INOM,Ineo infracom
INEO,INEONET
INET,iNetworks
NFHR,InfHor
ITIO,Infinite connection
ITPH,Infinity telecom
INIK,Infiny link
INPA,Info partner
INFO,Infocom
INIG,Infoconfig
INNE,Infoline
INFL,INFOMIL
INIV,Infomotiv
INFN,INFONET BROADBAND SERVICES CORPORATION
INIS,Informadis
IPIK,Informapik
IAFR,Informatique assistances.fr
INSE,Informatique de sécurité
INDP,Informatique du parc
ISIN,Informatique et services internet
INMS,Informatique maintenance services
IMKS,INFORMATIQUE MARKETING SYSTEMS
IRCF,Informatique réseau communication France 
IFEA,Infosea
INLE,Infotelecom
INBU,Infra-build
INEV,Infradev
ITTM,Infrastructure technology & telecom management
IP2I,Ingénierie de projet informatique industrielle
IRIT,INGENIERIE DES RESEAUX INFORMATIQUES ET TELECOMS
INIP,Ingenierie informatique protection
2ISR,Ingenierie informatique systeme et reseau
ISEA,INGENIERIE SERVICES ET APPLICATIONS
INIC,Inicio
INSY,Init sys
INGP,Inithec group
IMMA,INMARSAT LIMITED
INVE,Inmarsat ventures limited
IMVE,Inmarsat ventures SE
INNO,Innecto
NNVC,Innovacall
INOT,Ino telecom
INOL,INOLIA
INOP,Inopla GmbH
INOV,Inovacom
IVET,Inovasyon videyo entewnet
INON,Inquarto online
INSA,Insa-telecom
INTA,Intarnet
INGR,Integraphone
INTG,Integratel
INNC,Intelia convergence
IMAT,INTER MUTUELLES ASSISTANCE TECHNOLOGIES
INUP,Interactiv-group
IVES,Interactivité vidéo et systèmes
CLOU,INTERCLOUD
INTL,Intercom développement
INFR,Intercom France 
ITMS,Intermediasud
INRL,Internatél
INBC,International Bastide corporation
KOBA,INTERNATIONAL KOBAYASHI DISTRIBUTION
ITNF,International télécommunication network France
ITCP,Internet concept
ILOT,Internet libre et ouvert pour tous dans l'Herault (ILOTH)
INMR,INTERNET MEMORY RESEARCH
IWSY,Internet wireless system
ITRP,Interop
21CC,Interoute France SAS
R105,INTER-TOUCH (EAME) LIMITED
INTW,INTERWAY
ICAL,INTRA CALL CENTER (ICC)
INCM,Intracom
ICSL,Intrado solutions Limited
INTR,INTRINSEC
INTU,Intuidis
IFTR,Investissement dans la fibre des territoires
IOTT,IOT telecom
IOVO,Iovox Ltd
IPAC,IP ACS
IPAM,Ip and com
IPCA,IP Cash
IPDE,IP développement
IPDI,IP Directions
IPEN,IP ENERGY
IPFO,IP focus
IPMA,IP maintenance
INSP,IP Net Services Provider
IPNE,IP networks
IPNX,IP Next
IPRI,IP River Limited
IPSO,IP solution
IPTE,IP TELECOM
IPCI,IPC Information Systems France
IPCN,IPC Network services Ltd
IPCT,IPCONNECT
IPCO,IPcopter GmbH & Co. KG
HTCG,Ipefix
ITEL,Iper Telecom
IPON,Iperion
IPNK,Iperlink
IPEV,IPEVA
IPEX,IPEXIA
IPGA,IPGARDE
IPAL,IPGAZAL
IPLI,IPLINE
IPLO,IP-log
IPMX,Ip-max SA
ISTE,Ipneos
IPNT,Ipnet telecom
IPBS,I-print business solutions
IPSI,Ipsilan networks
IPSU,Ipsud
IPSY,Ipsystems
IPCH,IP-TECH
ITEK,Iptek
IPSV,IP-VS
IPXT,Ipxtel
IREL,Irelem
IRID,Iridium Italia S.R.L.
IRIS,IRIS 64
REPR,"Iris- information, representation d'interets, soutien"
IRIE,IRISE
IRTN,IRT-network
ISAP,Isapro
ISER,Isère fibre
ISIR,Isiris
ISCO,Isis communication
ATEU,Islalink France SARL
ISLA,Islay
ISON,Isonys
ISRT,Isrt
ITAD,IT Adept
ITBR,IT Breizh
ITME,IT metrix
ITPA,IT partner
ITSS,IT Solutions
ITOM,IT telecom
IT2I,IT2I
ITAK,Itak it
ITAN,Itancia
ITAS,ITAS TIM
ARET,ITC Ariane services
ITCS,ITC SYSTEMES INSTALLATIONS TELEPHONIQUES COURANTS FAIBLES
ITIA,Itelia
ITEO,Iteos 
ITIS,ITISSALAT AL MAGHRIB
ITMD,It-med
ITSI,ITS Integra
ITSM,Itsicom
ITTE,It'tek
IELI,It-tel
ILEC,It-telec
ITVE,Itvtek
IVAT,Ivatel
IVIM,Ivestim
IVIA,I-via
AIUS,Ivolea
IZAL,Izarlink
IZZY,IZZYCOM
JDIF,J. diffusion
JAHC,J.A. des Hauts de Chee
J2GI,J2 Global Ireland Limited
J2CP,J2C partner
JACK,Jack telecom
JAGU,Jagu David
JAG,Jaguar network
JAJA,JAJAH TECHNOLOGIES SA
JARL,JARLE Jérémy Yacim
JADM,JAUNE DE MARS
JAYN,Jaynet
JCCA,JC - Cabinet commercial et organisation informatique
JCCM,JCCOM
JCDC,JCD communication
JCDE,JCDecaux connect city
JDLC,JDLC
R189,JEAN-FRANCOIS BRARD
JTCM,Jet comm
JETC,Jet comm telecom
JIGW,Jigwan
JLIT,JL consult'it
JLSY,JL systems
JLMC,JLM CONSEIL
JMBU,JM Bruneau
JM2A,JM2AD
JMLT,JML technology
JMO,Jmo
JOHN,Johnbry
JOST,Joseph'telecom
JOUV,JOUVE
CHRO,JOUVENCEAU RAPHAEL
JRHO,JRH office
JTCO,JT consulting 
JTMW,JTM Web
JSLO,Jurick solutions logiciels
JITO,Just in time opportunity LLC
JUST,JUST NICOLAS
JVER,JVE radiocommunications
JWSY,JW system
JYPE,Jypela
KABI,Kabia
KALP,Kalpacom
KALY,KALYST
KAIN,Kangourou informatique
KARI,Karibtel
KAVE,Kav El International 
KAFR,Kavcom France
KAZM,Kaz munay trading Limited
KDDI,KDDI FRANCE
KELI,Keli technology
KNSK,Kennaskom
INCL,Kertel
KERV,Kervic
KEYC,Key corporate service limited
PHON,Keyyo
KIDI,KIDI SERVICES
KIFR,Kindred France
KINE,Kinéis
KIWI,Kiwi communications
KLRK,Kleinrock SAS
KLIP,Klipevo
2IDM,Klocel telecom
KMEX,KM expert
KWAO,K-net
TIME,Koala telecom
KODE,KODEKH TECHNOLOGIES INFORMATIQUES
KOLK,Kol
OPTM,Komeo
KONE,KONEKT
KNTO,Koontoo
KOSC,Kosc
KOSR,Kosc réseau
KOUR,Kourou fibre
KPNE,KPN EURORINGS BV
KRYP,KRYPTSYS
KWAK,Kwak telecom Germany GmbH
KWBB,Kwebbl international B.V.
KYME,Kymeta UK operations Ltd
LODL,L O D
LCNG,L&C Consulting
LMSE,L&M services
LGSI,L.G.S.I
LVIN,L.V. informatique
R180,L2I - loisir internet initiation
R032,La Chaumière Haut Débit
EBUS,LA COMPAGNIE EBUSINESS
LAFI,La fibre 85
LFNA,La fibre Nouvelle-Aquitaine
LFPA,La fibre paloise
LYRE,La lyre du G3
LPST,La poste
LPTL,La poste telecom
PREC,LA PRECISION TELEPHONIQUE
LRNU,La Réunion numerique
LRHU,La Rochelle université
LASO,LA SOLUTION
R033,La souris verte
LTIO,La Téléphonie & Informatique de l'Ouest
R034,La toile de Tessy
LTDL,La toile du Larzac
R035,La toile du marais
LVAS,La vie assist
LAVM,La vie mobile
LACH,Lachaud Yannick
AGPR,L'agence pro
AGSE,L'agence sentinel
LAGT,L'agence télécom
OXXO,"L'alliance des solutions IT, d'infogerance et Cloud"
LANE,Lanestel
LATC,Lanetcie
MWSP,Lasotel
LATE,LATENT NETWORKS LTD
LACE,LAURENT Cédric
LHTD,LAVAL TRES HAUT DEBIT
LAYN,Laynis consulting
LBNE,Lbnet
LCCO,LC com
LCEN,L-CENTER
FRZY,Le 118
AAAA,Le 118 918
LBDF,Le bar des fleurs
LBDT,Le Bureau des Télécoms
LDDP,Le domaine du pré 
LDCA,LE DUC Aldéric
LGAL,LE GAL Olivier
KIOS,Le kiosqueur
PAGU,Le pays de Gueret
LETE,L'E T E
LEVI,LE VILLAGE
LEFR,Lebara France Limited
LEBA,Lebara limited
LEBO,LEBORGNE LOIC (INFOBARQUEE)
LEGO,Legos
LEMN,Lemnia
LMNT,Lemon telecom
LENT,L'Entreprise télécom
LEEV,Leonix events
LENF,Leonix infrastructure
LIXT,Leonix telecom
LERO,Leroy Jacques
2CHX,Les 2 choux
LEBU,Les bureauticiens
LCFA,Les courants faibles
EDLF,Les entrepreneurs de la fibre
LEYS,Level Sys
LGTE,LGTEL-ANDIS
LHEX,Lhexian communications
LIBE,LIBERTY MULTIMEDIA
LBYZ,Libertyz
LITE,LIBRE TELECOM
LIBT,LIBTEL
LPGS,Limpigo Solutions
LINE,Linea 
LINP,Link@p
LIAD,Linkad
LINK,Linkeo.com
LILA,Links lab
LISI,Linksip
PJT3,Linkt
LITO,LinkToMe
LNTL,Lintel
LIOP,LIOPEN
LIVT,Liv telecom
LIZO,Lizo office
LJCT,LJC.
LKNF,LKI Netfunding
LLEI,Lleida networks serveis telematics S.L
LME,LME
LMSI,"LMS informatique (Logiciels, Maintenance, Services Informatique)"
LNFY,LN For You
LONE,Localphone Limited
LOCH,Lochan
LOTE,LOGIC TELECOM
LOEK,Logicek
LOGI,LOGICIELNET
LOAN,Loire Atlantique numérique
LOFI,Loiret fibre
LOIR,Loiret THD
LCNU,Loir-et-Cher Numérique
LGPH,Long phone
LORR,Lorraine data network
LOSA,Losange
LOEX,Losange exploitation
LGNM,Lot et garonne numerique
LOTI,LOTIM TELECOM
LOUE,LOUE Mickaël
LOXY,Loxys
LPAL,LPA
LPCO,Lpconnect
LRCM,LR-com
LRJI,LRJ INFO
LSSI,LSSI EUROPE LIMITED
LEOM,LTC technologies
TVIA,LTI networks
LUDI,Ludico business & entertainment S.L.
LUMO,Lumos
LUCE,Lutece telecom
LUXN,Luxnetwork
LYCA,Lycamobile SARL
LYMA,Lyma
MTAR,M Target
MLDF,M&L distribution (France) S.A.R.L.
MITE,M.I telecom
M2MS,M2MSOF
MABU,M-A bureautique
MABO,Maboxinternet
MACH,MACHEEN LIMITED
MACS,MACS THD
MADA,Madiacom
MAGA,Magasit
MGTL,Magatel
MAGE,Magellan
MARC,Magic fil telecom SAS
MASP,Magnitude space B.V.
MDIN,Maintenance dépannage informatique
MIVM,Maintenance informatique vendéenne
MAV,MAIRIE D'AUSSAC-VADALLE
MABF,Mairie de Bellegarde-en-Forez
BETT,MAIRIE DE BETTON
MABR,Mairie de Brusque
MA77,Mairie de Bussy Saint-Georges
MA21,MAIRIE DE CHEVIGNY-SAINT-SAUVEUR
MCOP,Mairie de Compans
R197,MAIRIE DE COURMES
MA78,Mairie de Croissy-sur-Seine
M358,Mairie de Dinard
MFFR,Mairie de Fort-de-France
MAKO,Mairie de Koungou
LPSH,Mairie de la Penne-sur-Huveaune
LIGN,MAIRIE DE LIGNY-EN-BARROIS
LONG,Mairie de Longvic
MAGS,MAIRIE DE MAGSTATT LE HAUT
MMOR,MAIRIE DE MONTMORENCY
MA35,MAIRIE DE PACE
PROV,MAIRIE DE PROVENCHERE
QPRV,Mairie de Quemperven
R216,MAIRIE DE SAINT-BRESSON
MA37,Mairie de Saint-Cyr-sur-Loire
SDDV,MAIRIE DE SAINT-DIE-DES-VOSGES
MASA,Mairie de Saran
MA93,Mairie de Villepinte
MA45,Mairie d'Orléans
MDMU,Majestique - Diffusion - MD - Unys
MAJO,Majordom'
MAKI,MAKINA CORPUS
MAFI,Manche fibre
MAHD,Manche haut débit
MNUM,Manche numérique
MANC,MANCHE TELECOM
MAOZ,Mancipoz @
MANE,MANEVA CONSEIL
LGC,Manifone
MANY,MANYONES COM
MAOR,Maore mobile
MAEU,Marchex Europe
VIZA,Marlink SAS
MARM,Marmites
MAIL,Marquein internet du Lauragais
MANU,Martinique numerique
MTPM,MARTINIQUE TELEPHONE MOBILE
MART,Martinique THD
MTVC,Martinique TV Câble
MASO,MASEO
MASE,Masergy communications UK Limited
MASS,Masselin communication
MSFX,Massifix 
MASY,Massy Christian
MAST,Master mind
MATI,Mati LAN
MXPC,MAX PC
MAXI,MAXIMUS TELECOM
MAYA,Maya telecom
MAYE,Mayenne fibre
MTHD,Mayenne très haut débit
MBCF,MBC France
MBLO,MBLOX FRANCE
MBSI,MBS Informatique
MCIN,Mc infinity
MC2A,MC2A-Moyens communs agemetra/AST Grand Lyon
MCEM,MCEM informatique
MCGM,MCG Multimedia
MCKA,McKay brothers international
MCSM,MCS
MD6C,MD6 consulting
MDOS,Mdo services
MDTE,MDTEC
MEDC,MED CABLE LTD
MDBX,Medbox
MEDA,MEDI@LYS
MECO,Media & Com
MCIF,Media communication IDF
MEIP,Media IP
MECH,Media technologies
MDCL,Mediacall
MEAC,Mediacom access
MDVE,Mediactive 
MENG,MediaPhoning
MSOI,Médias services océan indien
MEDIA,Mediawifi
MESA,Medi-sat
MEPO,Megaport (France)
MELI,MELIS@ EXPLOITATION
MTR,Melis@ territoires ruraux
MEMO,Memonet
MEDT,Mena daram telecom S.L.
MEIG,Mengine
MEDE,Menneteau-Deduit Franck Gilles
MEFR,Menytel France
MEON,Meonet
MEEL,MERCKEL
MERC,MERCURE26
MESS,Messagebird B.V.
MEST,MESTARI ABDELKADER (FACILEARETENIR.COM)
MTOF,METEO FRANCE
MENE,METEOR-NETWORK
MEIS,Météris
MEOP,Metro optic
MEXT,MEXTY PRODUCTIONS
MGR3,MGR 33
MICA,MI CARRIER SERVICES AB
MSIN,Micro & Services informatiques
MPSA,Micro puce salonaise
ROUE,Micro Rouen
R120,MICROFORME
MGSO,Micro-génie
MSIO,Microsoft Ireland operations limited
MCNW,Middle caribbean network
MIDR,Midrange solutions & services
MIDW,Midway's network
MILE,Milelec
MILK,Milkywan
MILN,Mil'nr3
MINT,MIN THD
MIAX,Mintaix
MAJI,Mise à Jour Informatique
MISM,MISMO INFORMATIQUE
MDVD,MISTER DVD
MIFR,Mitel France
MIWE,Miweo
MIXW,Mix way media
R122,MIXID
MJTC,MJT conseils
ML2C,ML2CI
MLIV,MLIVA TELECOM
R124,MMDS HYPERCABLE
MMED,M-media 
MMTT,MMT
MNCM,MNC Mobile News Channel France
MOBO,Mobile boost
MOSB,Mobile systeme business
MBLN,Mobiline
MOQU,Mobiquithings
MOTE,Mobitech telecom
MBST,Mobius informatique
MOTL,Mobiweb telecom limited
MBYO,Mobiyo
MOBY,Mobyt  France
MODU,MODULO C
MOCO,Modulo com
MOJI,Moji
MTTH,MomentTech
MNCO,MONACO TELECOM INTERNATIONAL
MONA,Monatel
MONE,Monema communications S.L.
BUDD,Monetiz
MOMM,Montpellier Méditerranée Métropole
ATMI,MORAUD LUDGER Anthony
MONU,Moselle numérique
MOSL,MOSELLE TELECOM
MOSO,Mosoni Diego
MOTI,Mot diese
MOMC,Mountain men consulting
MOZA,Mozar
MPBG,MPBG
MRA0,MRA
MRHT,MRH Telecom de France
MS2R,MS2R
MSRA,Ms'com Rhône Alpes
MSFC,MSFC
MSRP,MSR PRIVATE CABLE TV
MTEC,MTech
MULL,MULLER Franck
MUCO,Multi com Ouest
MULT,Multidist
MUAC,Multimédia access
MUNE,MULTIPHONE NETCOM
MUON,Muona
MUFL,Mutualité française Loire
MVSM,MV Systemes
MVPS,MVP SSII
MYCG,My computing
MYLT,My line telecom
MYST,My stream
MYBI,Mybizlink
MYCC,Mycc
MYCL,Mycélium
MYCO,MYCOMPANY
MYLB,Mylbe
MYTB,My-Tél business
MYTI,Myti
NSTE,N S Tel (Network systems telecom)
NIMU,N.I. multimedia
NASO,Nacre solutions
NAIT,Naitways
NAKO,Nakota consulting
NANO,NanoXion
NANT,Nantes networks
NATE,NATEIS
NATU,Natural touch
NAVI,NAVISTA
NAOM,Naxos telecom
NCIT,NCIT
NCOS,N-CO services
NCSN,NCS NORD DE FRANCE
NEBU,Nebulo 
NEFI,Nefitel FAI
NEKO,Neko business
NEME,NEMEDYS
NSIP,Neo Center Est
NCEN,Neo concept engeneering Caraïbes
NEOE,Néo éditions
NEOS,NEO SERVICES
HITS,Neocenter Ouest
N360,Neocom 360
NEOC,Néocom Multimédia
NEAB,Neolab company
NEOL,Neolabs
NESY,Neotech system
NOTL,Neotel
NEOW,NEOWAN FRANCE
NEPT,Neptune consultants
NIS,NEPTUNE INTERNET SERVICES
NERI,Nerim
NRRD,NERRAND Olivier
DSPH,NET 27
NET4,NET 48
NE55,NET 55
NE64,NET 64
NET6,NET 67
NEYO,Net and You
NEBO,NET BOURGOGNE
NGCF,Net Gestion Concept NGC France
NGRO,NET GRAND RODEZ
NETL,Net logic
NEOI,Net OI
NSIN,Net services informatique
NEWI,Net wifi France
R126,NETABORD
NTLS,Netalis 
NERK,Netatwork
GNTL,Netcom Group
NETC,Netcontrol
NESE,NETEASE
NEBR,Netenbrie
NETE,Netensia
NETG,Netgem
HERA,Netiwan
NETM,Netmessage
NEPI,Netopi
NPCK,Net-pack.com
NEIX,Netrix
NETR,Netrix télécommunications
NTSZ,Netsize
NTSP,Netsplit
NECK,Net-stack
NTYT,Netsyst
NETT,NETTEL
NTTC,Nettic
NWOT,Netwo
NECO,NETWORK CONSULTING
NETW,Networth telecom
NEUR,NEURONNEXION
NEVO,Nevox
NWCM,New com
R128,New Technologies Group
NEWC,Newcom data
NWCP,Newcopy SAS
NEWE,NEWEL INFORMATIQUE
NWTI,Newtech interactive
NWTC,New-tel-com
NEWZ,Newz.net
NEXA,Nexacom
NEIT,Nexis I.T.
NEXI,NEXIS TELECOM LTD
NXLP,Nexloop France
NEMO,Nexmo Inc.
NEXM,NEXMO LTD
NEXX,Next 
NTTR,Nextcenter
NEPH,Nextphone
NXTN,Nexttan group
NESI,Nextvisio telecom
NEXP,Nexxt voip
NCFT,NEYRIAL CENTRE FRANCE
NFFR,Nfon France
NFRA,NFRANCE CONSEIL
NGCO,NG communications
R206,Nganalytics
NGAT,NGATSE GANONGO JUNIOR ELVIS
AETE,NGE infranet
NDNE,Nice data network
NIFC,Niort frères communications
NISG,Nis group
NIVE,Nivertel
NJPT,NJ Partners
NJAC,NJA corp
NLBA,NL bandwidth B.V.
NMDN,NMD
NNTE,NNTECH
NMDD,Nomad digital Limited
NOAO,Nomao
NOMO,Nomosphere
R130,Nomotech
NOOD,NOODO
NORN,Nordnet
NORS,Norest services SAS
NOCO,Norettes communication
NORM,NORMHOST SARL
R131,Nostre Païs
NOTA,Notalus
NOTO,NOTOLA S.A.
AQTH,Nouvelle-Aquitaine THD
NOIO,Novacio
NVAM,Novacom
NODI,NOVADIAL
NVTE,Novatique
NOVE,Novative
AVIR,Novelcom
NOVI,Novintel
NOVS,NOVSO
NOXT,Noxtzatel
NPKC,Npk communication
NSAT,NSA telecom
NTCO,NTCONSEIL
NPYT,NTIC Peyroutet telecom
NTTE,NTT EUROPE LTD
ND3N,Number118
NUFI,Numefibre
NMEO,Numeoo
NUFU,Numeric Futures Limited
NPFC,NUMERICA POLE MULTIMEDIA DE FRANCE COMTE
NUME,Numericap
NUSE,Numérique services
NUAT,Numerisat
NUSI,Numesis
NUML,Numlog
NUVI,Nuvias
NXFR,Nxo France
NXTC,NXTcom Nederland B.V.
NYUK,Nyukom
O2SW,O2SWITCH
O3BL,O3b limited
OBNI,Objenious
OCCI,Occicom
OCTE,Ocea telecom
OCET,Oceanet technology
OCIN,OCEANIS INFORMATIQUE
OCGO,OCG
OCIT,OCITO
OCSI,OCSimple
OCTS,Octis
OCFI,Octogone fibre
ODBE,Odbee
BRIT,Odena
ODIG,Odigo
ODTO,Oditéo
OECO,Oecom
OELI,OELIS
OFMA,Office maker
OFPF,Office partner France
OFEA,Officeeasy
OGIE,OGIER MICKAEL LUC (EASI-NET)
OHBF,OHB-France
ONUM,Oise numerique
OLIH,Olihost
OSYS,Olisys
SGCA,Ollink
OLTI,Oltic
OLYS,OLYSEO
OMAN,Omantel France
OMEG,Omega (energies & services)
omfi,Omfitel
OMRI,OMR infogerance
MWRK,Omwork ltd
ONDE,Ondes
ONEB,One bureautique
ONOP,One opérateur
OTWL,One two tel
ODRT,Onedirect
ONTW,OneTwo
ONWB,Oneweb
ONOF,Onoff telecom
ONAP,Onoffapp Oü
ONST,OnStar Europe
ONVO,Onvoy LTD
ONXG,On-x groupe
11TE,ONZE TELECOM
OOMA,Ooma international Ltd
OPAL,OPALE
ODCR,Opale data - Cemenor
OPTE,OPALYS TELECOM
ONEG,Open networks engineering
OPTX,Open text
OPXD,Open X Dom
OPEN,Openip
OPNS,OpenS SPRL
ONYM,Opensys telecom
OPAM,Openteam
OPER,OPERACOM
OPOS,Operators
PPTZ,Opportunitiz
OPPO,Opportunity
OPST,OPS Telecom
OPIP,Opteam'ip
OPLL,Opticall
OPLI,OPTILIAN
OPFI,Optima fibre
OP72,Optima72
OPMI,Optimicom
OPCO,Optimo conseil
OPEC,Optimum telecom
OPCM,Optimus telecom 
OPTI,Option service
OPOM,Options telecom
OPRO,Optipro.pro
OPEB,Optiweb
OPTL,OPTLINE SERVICE
OPWA,Opwan
OREL,Or tel
FRTE,Orange
ORBS,Orange business services
ORCA,Orange Caraïbe
ORNK,Orange link
ORLI,ORANLINK
ORAS,Orascom
ORDG,Ordago
ORDD,Ordisud
ORDI,ORDISYS
ORGI,ORG INFOR
ORGY,ORIGYNE
ORIT,Oritel
ORZN,Orizon installation
OMTD,Orne département très haut débit
OTHD,Orne THD
OSIM,Osimatic
OSWA,Osmoz ware
OSMO,OSMOZIS
OSTO,OST
OTHE,Othelys
OTOI,Oto-it
OTCG,Ouest consulting
OUOB,Ouest object
OUES,Ouestix
OUKI,Ouiki telecom
ORWS,Our real wins
OUTR,Outremer Telecom
OUVA,OUVANET
OVEA,OVEA
OVH,OVH
OXAL,Oxalis France
OXID,Oxid telecom
OXIL,Oxilog
OXEO,OXIPEO
OXTE,Oxone technologies
OXYM,Oxymium
OZER,Ozérim
R135,OZONE
PNSY,P N system
POFE,P&O ferries
PIBS,P.I.B solutions
P1SE,P1 security
PACE,PACE DEVELOPMENT
PCKF,Packetfabric Inc.
PAOO,Pactoo
PACW,Pacwan
PGES,PAGES VINCENT
PAJA,PAGESJAUNES SA
PANA,Panasonic Avionics Corporation
PARE,Parabole Réunion
PRCC,Parc consulting
PAOP,Paritel operateur
PARS,Par-s-on
PATE,Parson telecom
PRIE,Partner informatique
PASI,Partners solution informatique
MCNE,Passeron Christian
PASS,Passman
PPAL,PAYPAL (Europe) S.à.r.l. et Cien S.C.A.
PAYS,PAYS VOIRONNAIS NETWORK
PAIT,Paysafebit
PC19,PC 19
PCDC,PC doctor maintenance & conseil
PCNE,PC NET + SANTE
PCCW,PCCW GLOBAL B.V.
PCSC,Pc's cool
PEEB,Peeble France SAS
PEOP,Peoplefone AG
POFN,Peoplefone SAS
PERF,Perfectys
PDRC,PERFEITO DOS REIS Custodio Manuel
PERO,PERON YANNICK
PERT,PERTINEO
PEXY,Pexys
PHTE,PH Telecom
PHAR,PHARMAGEST INTERACTIVE
PHVI,Pharmavision
PHCI,Phenix technologies CI
PHTI,Phenix trade international
GRPH,Phibee telecom
PHILE,PHILEAS TECHNOLOGIE
PHIL,PHILIPPE Stéphane
PHTC,Phone & Tic
PHGS,Phone.GS
PHSI,Phosphore services informatiques
PIAN,PI Jean
PIST,PI solutions technologies
PBLE,Pible
PIOL,Pictures on line
PIGM,Pigma 
PIHI,Pillet Hitech
PINO,PINOY PRIDE
PIXT,PIXTEL
PJX,PJX
PLAN,PLANET BOURGOGNE
PLOE,Ploërmel communauté
PLUG,PLUG AND TEL
PLCO,Plug company
PLIT,Plug it
TEHO,Pluriware
PMGI,PMG3I
PNDA,PN DATA
PODT,POD TECHNOLOGIES
POTO,POITOU-CHARENTES TELECOM
POLY,Polymag
POMT,POM T
R041,Pomeys sans fil
POTE,Pomme Télécom 
POPI,Pop it
PORS,Porsche Smart Mobility GmbH
MA29,PORT DE COMBRIT SAINTE-MARINE
PWLK,Power Link
PPIG,PPI group
PRCP,Preceptel
PCIL,Premiere conferencing (Ireland) limited
PCNI,Premiere conferencing networks Inc.
PRAU,Premium audiotel
PRCS,Premium computer services
PREM,PREMIUM TELECOM
PRES,Pressi
PRLC,Prestaclic
PRCH,Print tech
PRMT,Prismatel
PRIX,Prixtel
PROI,Pro ivr
PRSE,Pro système informatique
PROT,Pro technologie
PROA,Proadmin
PR90,Procom90 SARL
PRCM,Procomm
PRNE,Procomm network
PROC,Proconnect
PROD,Prodige's
PRWA,PRODWARE
PROF,Proformatique
PREV,Prog event
PRFR,Progetcom France
PTEL,Progetel
PROG,PROGINOV
PRVE,Progressive
PROW,PROGWEB
PRAC,Promatec
PROM,Promosoft informatique
PROR,Prorexem
PREB,PROSEB
PROS,Prosodie
PRSO,Prosoluce
PRCE,Protectline téléassistance
PRTO,Provectio
PACT,Provence Alpes ConnecT
PRTE,Provence telecom
PRYA,Provya
PXAM,Proxeeam
PRSK,Proxidesk
PXEL,Proxiel
PRNK,Proxilink
PRXR,Proxilor
PRMA,Proxima
PRXM,PROXIMIT
PROXI,Proxitel conseil
PRXY,Proxycom
PSIA,Psiade
PURE,Pure IP limited
PVNU,PVNum
PXTI,PXT infocom
PYGM,Pygma conseil
PYXI,Pyxise
PYYA,Pyxya
QGGR,QG group
R138,QOS TELECOM
QVLT,Qovoltis
QOWI,Qowisio
QUSE,Quado services
QUAL,Qualité informatique
QUIF,QUALITE INFORMATIQUE ET FORMATION
QUTE,Quality telecom S.L.
QUAN,Quantic telecom
QUES,QUESTO
QUNE,Quetzal network
EBMT,Quickline Business AG
QUID,Quiddem
QCT,Quimper communauté télécom
QXAL,Quonex alsatel
ALLO,Quonex Grand Est
R2AI,R2A informatique
RDTE,Radio et télécommunications
RAVI,Radio villages
RAFA,RAFAMANTANANTSOA
RASY,Rager Sylvain
RPDN,Rapide internet
RB2M,RB2M informatique
RDVP,Rdv Projects 
READ,READY BUSINESS SYSTEM
REB,REBTEL SERVICES SARL
RECI,Recia
RECM,Recom
TRFT,Refinitiv France SAS
RATP,Régie autonome des transports parisiens
RAUV,Régie Auvergne numérique
RC08,REGIE COMMUNALE DES COMMUNICATIONS ELECTRONIQUES DE CHOOZ
RCCE,REGIE COMMUNALE DU CABLE ET D'ELECTRICITE DE MONTATAIRE
RMTH,Régie de télédistribution de Herbitzeim
RTVC,REGIE DE TELEVIDEOCOMMUNICATION
SCHO,REGIE D'ELECTRICITE DE SCHOENECK
RECE,REGIE D'ELECTRICITE ET DU CABLE D'ELBEUF
REFO,Régie d'exploitation de la fibre optique de Saint-Quentin-en-Yvelines
REFH,Régie fibre optique de Falck et Hargarten
GAEL,REGIE GAZ ET ELECTRICITE DE BONNEVILLE
GAZE,REGIE GAZ ET ELECTRICITE DE SALLANCHES
HPHD,REGIE HAUTES-PYRENEES HAUT-DEBIT
RIVH,REGIE INTERCOMMUNALE DE VIDEOCOMMUNICATIONS DU PAYS HAUT (RIV 54)
REGI,REGIE INTERCOMMUNALE D'ENERGIES ET DE SERVICES (REG.I.E.S)
WAFI,Régie intercommunale d'exploitation d'un réseau de communications électroniques 
FIBR,Régie intercommunale d'exploitation d'un réseau de communications électroniques de la communauté de communes de Freyming-Merlebach
RCHS,REGIE INTERCOMMUNALE DU RESEAU CABLE DU HAUT-SUNDGAU
RI74,Régie intercommunale du réseau de communications électroniques de la Vallée de Chamonix Mont-Blanc
REMC,REGIE MOULINS CABLE
RMEC,Régie municipale d'électricité de Creutzwald
REME,REGIE MUNICIPALE D'ELECTRICITE DE HOMBOURG-HAUT
RMET,REGIE MUNICIPALE D'ELECTRICITE ET DE TELEDISTRIBUTION (DE TALANGE)
AMNE,Régie municipale d'électricité et de télédistribution d'Amnéville
RMDE,REGIE MUNICIPALE DISTRIBUTION D'ELECTRICITE TELEDISTRIBUTION D'HAGONDANGE
RRTH,Régie Réunion THD
CRBO,Région Bourgogne-Franche-Comté
RSII,REGIONAL SYSTEME INFORMATIQUE
REHO,Rehoboth-telecom
REIN,Reine telecom
RELI,Reliance FLAG Atlantic France
RJOI,Reliance Jio infocomm UK limited
REMM,Remmedia
RNMT,Rennes Métropole telecom
REPI,Repinfo
RESA,"Res@ntilles (Réseaux, expertises et services aux Antilles)"
REPT,Réseau concept
REFT,Réseau français des télécoms
RSNT,RESEAU NET
RNRV,Reseau numerique rural villacois (RNRV)
RSID,Réseau service informatique distribution
REHD,Réseau THD
RCOM,Reseaux @ telecoms
REAS,Réseaux administration services
RINU,Réseaux d'infrastructures numériques
RTEL,Réseaux ingénierie télécommunications - Resintel
R2SS,Réseaux solutions services
RETE,RESEAUX TELECOM
REEL,Resel
RSTL,Resetel
RESI,Residmedia
REST,Reso staff
REPL,Résolution plus
RELV,RESOLV
RNCE,Résonance
NETP,RESOPTIC
RETL,RESOTEL
RTRS,Retarus GmbH
RETI,RETIS COMMUNICATION
REUN,REUNICABLE
RIST,Réunion island télécom
RTOM,Revert telecom
REVT,Revtelecom group
REZI,Rezine
RELE,Rézoléo
REPO,Rezopole
REZO,Rezozen
REZZ,Rezzo
RFCC,RFC COMMUNICATIONS ET SYSTEMES SA
RG08,RG0800
RHIZ,Rhizome
RALE,Rhône Alpes location équipement
RARI,Rhône Alpes repro informatique
GNBN,Ribbon communications international limited
RICH,RICHARD Romuald
RIED,RIEDEL NETWORKS
RING,RING2 COMMUNICATIONS LIMITED
RICE,RingCentral B.V.
RCFR,Ringcentral France
RIP4,Rip 44
RTHD,Rip85 Très Haut Débit
RIVL,RivLink
RJ45,RJ45 technologies
DOTC,Rkibi Soussi Mohamed 
RLAN,R'LAN
RLGI,RLG informatique
ROGE,Rogervoice 
ROBI,Romain Bidon 
ROOT,Root's informatique
ROSA,Rosace
ROIM,Rosasimmobilier
RBNN,Roubenne
R046,Rouen wireless
ROVE,Roverba CGS
ROVI,ROVIL
ROW4,ROW 44
RSFO,RSinfo
RTMN,RTM neophone
RUBS,RUBIS SERVICES
RUBR,Rubrash
JRRU,Ruiz Jérôme
RUNI,Runisland international
RUNT,Runtel
RVEI,Rve informatique
RWIF,Rwifi
SAMI,S.A.M informatique
ATCS,S.A.R.L ATC
VLTH,S.E.M. Parcs de stationnement de Val Thorens
SHDS,S.H.D. (Solution d'Hébergement Durable)
SMWW,S.M.W
S@RT,S@RTEL
S2BN,S2b-net
S2EE,S2E ENERGIE
S2FN,S2f network
SASY,Sab system
SSCS,Saba Statia Cable system B.V.
SABA,SABAA INFORMATIQUE VITRE
SACL,Saclak network
SAFE,Safeo
SAGV,Sag vigilec
SAIG,Saiga ITSecurity
SAIN,Sainka
STMA,Saint Martin cable
SDNK,Sallanches Data Network
SABR,Salle Bruno
SAME,Sames wireless
SANF,SANEF
SALA,Sanilea
SCET,Santerne Centre Est Télécommunications
SAET,Santerne Est telecoms
SAEE,Santerne Méditerranée
SANT,Santerne Nord telecoms
SATO,Santerne Toulouse
SAPF,SAP France
SAPI,Sapinet
AIPP,SARL A.I.P.P 64
CCSP,SARL AccesIP
ALVS,SARL Alvs technologies
ARDC,SARL Ard-com
ATOO,SARL ATOO
BICL,Sarl Bureautique Informatique Conseil
C2IM,SARL C2IM
CALM,SARL Call me
DLUN,SARL D-Lune
INDY,SARL Indy system
ITSP,SARL information technology solutions provider
IPSE,SARL IPSET
KYXA,SARL KYXAR
SALD,SARL LD
PRCO,SARL prelude connect
LETR,Sartel THD
SAFI,Sarthe fibre
SARV,SARVIS
ATXI,SAS Ataraxie
HAFO,SAS de la halle aux fours
DOLB,SAS Dolbis
ITFR,SAS ITFR France
MAZN,SAS Mazenq
SNOT,SAS NOT
SNPA,SAS Numeric partner
PRME,SAS projets réseaux infrastructures méthodes études
SPMT,SAS SPM Telecom
FITL,SASU Fitel
ITLT,SASU I-tech consult
SATC,SAT CONSULT
R192,SATCONTACT
R143,SATELLITE FRANCE GROUP
SAVE,SAVEHO
DSP3,Savoie Connectée
SBSS,Savoir bien satisfaire-SBS
SAYS,Sayse
SCPR,SC premium net international S.R.L.
SCIB,SCI BECHASEL
SCIP,SCIPIO
SCOP,SCOP DATA
SCVD,SCV domaine skiable
R144,SD NUM SAS
SDCI,SDCI
SEAC,SEACOM FRANCE
SEPR,Secretariat.pro
SECU,Secure-IT
SCKP,SECURITY KEEPERS
SDNI,Security of digital networks international
SETR,SEINE ESSONNE TRES HAUT DEBIT
SESN,Seine Estuaire networks
SMTH,Seine-et-Marne THD
SLCC,Selecom Critical Comms
SELC,Selecom Sud electronique communication
SELE,Selectel
TERA,SEM e-tera
SEM@,SEM@FOR77
SEMA,Sema solutions
SEOR,Semaphors
SEML,SEML Saint Jean activités
SENE,Senetel
SEVI,Sensing vision
SENT,Senso telecom
SEPA,Sepa telecom
SEQU,Sequalum SAS
SETE,Sequantic telecom
SERE,SEREVIA
SERF,Serfim TIC
FRMT,Serinya telecom
SERP,SERP Société entretien et réalisation de réseaux
SVHG,Serverheberg
SATE,Servers applications technologies
STSO,SERVICE DE TRAITEMENT PAR ORDINATEUR DE LA REUNION
SDIR,SERVICE DISTRIBUTION INFORMATIQUE ROCA
SE2I,Service equipement ingeniere informatique
SFEN,Service fibre entreprise
SENS,SERVICE NETWORK SECURITY
STIN,Service technologie informatique maintenance plus
SAPA,Services assistance à la personne Auvergne Rhône Alpes
SEFO,Servicinfo
TECM,SES TechCom S.A.
SETT,Set telecom
SETC,Setcom systèmes et équipements de télécommande
STER,Setera international
SEWA,Sewan
UPCF,SFR fibre SAS
SFTT,SFR FTTH
SGNT,SGN TELECOM
SHAN,SHANKAA
SHRZ,Sharyz SA
SHIN,Shining
SHPV,SHPV France
SIBE,SIBELIUS
SIED,Sieda syndicat intercommunal d'énergies du département de l'Aveyron
SIFA,Sifatech
SGFX,Sigfox France
SIGI,SIGIRE
SIGM,SIGMA INFORMATIQUE
SIUE,Sigma informatique
SIME,Sigma Méditerranée
SESM,SIGNALHORN
SIGN,SIGNORET TELECOM
SMLT,Simplenet
SIMP,Simplexa
SPTL,Simplicitel
SIMT,Simtel
SIQN,Sine qua non
SINE,SINERGENCE
SNGY,Sinergy
SINF,Sinfonee
SINO,Sinouvé
SIPA,Sipartech
SIPE,Sipeo
SIPS,Sipstream
SI38,Sira 38
SICO,Sisteo communications
SAIR,Sitaonair
SIAN,Sivom d'Algrange-Nilvange
SEPT,SIVOM d'énergie du pays Toy
SIXO,Six to one
SKIL,Skill telecom
SKIW,SKIWEBCENTER
SKYT,Sky telecom
SKYC,SkyCall
SKYD,skyDSL Europe B.V.
SKFR,SKYLOGIC FRANCE
SKLO,Skylogic SpA
SKRM,Skyroam
VOTE,SLBC International
SCGS,Smart CIC global services
SSIE,Smart service informatique
SMAM,Smart telecom 
SMAL,Smartcall
SMAT,Smartcontact
SMIB,Smartfib
SMIT,Smart-it
SMTT,Smartrends technologies
SMIN,Smartwin
SMCD,SMCD GROUPE
SN2O,SN2O
SNEF,Snef
SNFT,SNEF telecom
SORM,Soares Ribeiro Mathieu
SOBE,SOBECA
AACT,SOCIETE ACTIF ASSISTANCE COORDINATION TECHNIQUE INGENIERIE FINANCIERE
SOAF,Société Air France
SARA,Société anonyme de la raffinerie des Antilles
SBSI,Société briochine de services en informatique
CRTL,SOCIETE CARTEL
SOCT,Société commerciale de télécommunication - SCT
SCAN,Société coopérative d'aménagement numérique icaunaise
SCEC,SOCIETE COOPERATIVE DE PRODUCTION ANONYME A CAPITAL VARIABLE SCOPELEC
SOCD,Société Corse de distribution
SLPG,Société d'aménagement de la station de la Plagne
SAPO,Société d'applications télématiques de l'Ouest
SDIF,Société de développement pour l'accès à l'infrastructure fibre
SDVP,SOCIETE DE DIFFUSION VIDEOTEX PLURIMEDIA
SOGI,Société de gestion et d'ingenierie de réseaux
ATCO,Societe de telephonie et communication
SERC,Société d'Electrification Rurale du Carmausin
STCE,Société des techniques de communication d'entreprise Provence
STVI,Société des téléphériques de Val d'Isere
STES,Société des téléphones de l'Est
SOCE,Societe d'etudes telephoniques et d'assistance technique
SODE,Société d'expansion pour les départements d'Outre Mer
INGE,Société d'infogérance et d'insertion des travailleurs handicapés
SIRN,Société d'ingénierie et de réalisations électroniques
SIST,Société d'ingénierie système télécom et  réseaux (SISTEER)
SIAC,Société d'installations d'accessoires pour les télécommunications
SICA,SOCIETE D'INTERET COLLECTIF AGRICOLE D'ELECTRICITE DE L'AISNE
HSHD,SOCIETE DU HAUT DEBIT-SHD
SOFE,Société fiduciaire d'expertise et de révision
SFRT,Société française des télécoms
SFR0,Société française du radiotéléphone
IFCO,SOCIETE INFORMATIQUE ET TELEMATIQUE CORSE
LECA,SOCIETE LOCALE D'EXPLOITATION DU CABLE DE L'AGGLOMERATION
SOLE,Société lyonnaise d'éclairage
SMTE,Société méridionale traitements d'écriture
RDFR,SOCIETE NATIONALE DE RADIODIFFUSION RADIO FRANCE
R148,Société Nationale des Chemins de fer Français
SNTE,SOCIETE NATIONALE DES TELECOMMUNICATIONS
SNAD,SOCIETE NOUVELLE AES DANA
SPTH,SOCIETE PALOISE POUR LE TRES HAUT DEBIT (SPTHD)
SDTA,Société pour le développement de la téléassistance à la personne 
ANGU,Société publique locale pour l'aménagment numérique de la Guyane
SRR,Société réunionnaise du radiotéléphone
SOFT,SOFT4MOBILE
SLDU,SoftLayer Dutch Holdings B.V.
SPRO,Sogeprom
SOEL,Sogetrel
SOLD,SOLDIS TELECOM
SDFR,Solidarité digitale France (SDF)
SNQB,Solidarités numériques en Quercy blanc
SOGA,Solstice Grand Angoulême
SOLS,SOLSTIS
SORO,Solstis group
SLNE,Soluance
SOCA,Solucaphie
SLCM,Solucom
SPHO,Soluphone SAS
SOLU,SOLUTECH.NET
SOIP,Solution IP
SOPA,Solution partners
SOIS,Solutions Informatiques Services
SITS,Solutions Informatiques Télécom
SOLV,Solvitech
SLWA,Solware Auto
SOSL,Sonesol
SOCO,Sopracom
SOPR,SOPRINFO
SRCM,Soracom corporation Ltd
SODA,Soracom DK ApS
SORE,SOREA société des régies de l'Arc
SRGS,SOREGIES
SOSA,SOS amitié France
SOSI,SOS ingénieur
SO57,SOS micro 57 
SOUN,Soundradio
SCF,Southern caribbean fiber
SOWI,SOWILO NETWORK
SPAR,Spartel services
SPEA,Speakintelligence B.V.
SPKS,Spie citynetworks
VEEP,SPIE cloud services
SPIE,SPIE ICS
SPTS,Spie telecom services
SPIN,Spin off 
SPLS,SPL SAINTE-ANNE 2 0
SPRI,Sprintlink France SAS
SPTE,SPRINT-TELECOM
SPCL,Square pro conseil
SRII,SRI informatique
SSIP,SSIP
STBA,St Barth fast web inc
STCO,ST COMMUNICATION
STMU,Stardust multimedia
STAR,Starface
SBBD,Steam beam big data 
STEC,Stecarphi
STEE,Steeve multi-services
STEN,Stella telecom
APSO,Stephie télécom
STGA,Steve Gates 
STCM,STI-COM SARL
STIM,STIME
STJJ,STJ
R154,STOI INTERNET
STLN,Stolon
STTE,Stop telecom
STRI,Stori connect
STRT,Storit
STRH,STR HD
STRA,Strateginfo
SUDA,Sud Aquitaine telecom
SUDI,Sud informatique
SDTL,Sud telecom
SULP,Sulpice SAS
SURE,Supélec rézo
SURF,SURF ZONE
SRTL,Sur-Tel
SVTE,SV telecom
SWAL,Swali
SWAR,Swarm technologies Inc.
SWPE,Swipe
SWTF,Swisstok telnet France
SWIT,SWITCH TELECOM
SWCO,Switchcom
SWES,Switchless
SYOM,Sybocom
SYBO,SYBORD
SYDC,SYD CRC
SYLA,SYLAXE
SLXM,Sylaxe telecom
MTPE,Syllage
SMAA,Syma
SYTE,SYMARS TECHNOLOGY
SYNA,Synaps informatique
SYAD,Syndicat Audois d'énergies
SERS,Syndicat d'électrification de la région de Sedan
SDEG,SYNDICAT DEPARTEMENTAL D'ELECTRICITE ET DE GAZ DE LA CHARENTE
SYDE,SYNDICAT DEPARTEMENTAL D'ENERGIE DE LOIRE ATLANTIQUE (SYDELA)
SYFI,Syndicat départemental d'énergie et d'équipement du Finistère
SY40,Syndicat d'équipement des communes des Landes
SYAN,SYNDICAT DES ENERGIES ET DE L'AMENAGEMENT NUMERIQUE DE LA HAUTE-SAVOIE
SHSN,Syndicat Haute-Saône numérique
SIVU,SYNDICAT INTERCOMMUNAL A VOCATION UNIQUE POUR LA TELEDISTRIBUTION
RITE,SYNDICAT INTERCOMMUNAL DE TELECOMMUNICATIONS DE LA VALLEE DE L'ORNE
SIEA,Syndicat Intercommunal d'Energie et de E-communication de l'Ain
SIEM,Syndicat intercommunal d'énergies de la Marne
SIEL,Syndicat intercommunal d'énergies du Département de la Loire
SICT,Syndicat intercommunal des collectivités territoriales informatisées des Alpes-Méditerranée
GRVA,Syndicat intercommunal du Grand Vallat
SADN,SYNDICAT MIXTE ARDECHE DROME NUMERIQUE
SYMB,Syndicat mixte de coopération territoriale Megalis Bretagne
SIDJ,"SYNDICAT MIXTE D'ENERGIES, D'EQUIPEMENTS ET DE E-COMMUNICATIONS DU JURA"
SY87,Syndicat mixte dorsal
SY25,Syndicat mixte Doubs Trés Haut Débit
SY16,Syndicat mixte du pays des Cévennes
SMPL,SYNDICAT MIXTE ETUDE DEVELOPT DES SERVICES RESEAU DE COMM ELECTRO PAYS DE LOIRE
SMFI,Syndicat mixte La Fibre64
SMLN,Syndicat mixte Lot numérique
SYML,SYNDICAT MIXTE LUMIERE
SYNM,Syndicat mixte Nièvre numérique
NPCN,Syndicat mixte Nord Pas de Calais numérique
SY60,Syndicat mixte Oise Très Haut Débit
SYCN,Syndicat mixte ouvert Charente numérique
SY79,Syndicat mixte ouvert Deux-Sèvres numérique
SY27,Syndicat mixte ouvert Eure numerique
SYEL,Syndicat mixte ouvert Eure-et-Loir numérique
PACA,SYNDICAT MIXTE OUVERT PROVENCE-ALPES-COTE-D'AZUR TRES HAUT DEBIT
SY24,Syndicat mixte Périgord numérique
RP36,SYNDICAT MIXTE RESEAU D'INITIATIVE PUBLIQUE 36
SART,Syndicat mixte Sarthois d'aménagement numérique
SMNU,SYNDICAT MIXTE SEINE-ET-MARNE NUMERIQUE
SY76,Syndicat mixte Seine-Maritime numerique
SMSN,SYNDICAT MIXTE SOMME NUMERIQUE
SYEG,Syndicate mixte de gestion d'entretien et d'exploitation des routes de la Guadeloupe
SYNE,Synelyans
SYNI,Syniverse technologies
SYNO,Synomega
SBRO,Synoptic broadcast
SYVO,Synovo
SNEN,Synten
SYNT,SYNTIS
SYNU,Synum
SYRT,Syres telecom
SYGR,Syrus groupe
SYSC,Sysconnect
SYSE,Sysexpert
SYSO,SYSOCO
DELN,Systailor
SSLL,Systellis
SIHM,Systèmes information Harmonie Mutuelles SIHM
SRTE,Systèmes réseaux et téléphonique
SYST,System-net
SYSU,Sysun technologies
TSYF,T Systems France
TDOT,T.D.O.Telephone de l'Ouest
TSAT,T.S.A.
TKLD,Takelead
TALU,Takelead Luxembourg
TALC,TALCO LANGUEDOC SARL
TALS,Talsion
TMTM,Tamtam telecom
TAIN,Tarbes informatique
TARN,Tarn fibre
TASF,TAS France
VSNL,Tata communications (France)
TCFT,TCF
THEC,TCLR
THDF,T-Connect
TCTM,TCT telecom
TDCT,TDC TOTALLOSNINGER A/S
TDF,TDF
TDFF,TDF Fibre
TEAM,TEAMBOX
TMNF,Teaminfo
TENL,Tech only
TSOL,TECHCREA SOLUTIONS
TNPC,Techni PC
TEBU,Technic bureau
TEFO,Technicom formation
TNPO,Technicophone
TEOS,Techni-Ouest
TAOF,Technologie assistance organisation des flux
TPRS,Technoprest
TSTL,Technosante Toulouse
TEON,Technosens évolution
TCLB,Teclib
TNOA,Tecnoa
TEEG,Tégé
SIFR,Téïcée
TELP,TEL & PHONE FRANCE
TLIS,TEL INFO SERVICES
TELN,Tel@ndcloud
TLIE,Telcite
TELC,Telco OI
TLND,Telecnord
TEVO,Telecom & vous
TEFS,TELECOM EGYPT FRANCE SAS
TISP,Telecom Italia sparkle S.p.A.
TLSA,Telecom Luxembourg international S.A.
TMON,TELECOM MONETIQUE
TLST,Telecom studio
TOBJ,Telecom.object
TGCY,Telecoming
TENT,TELECOMS ENTREPRISES
TSEN,Telecoms solutions entreprises
TEFL,TELEflash GmbH
TELE,Telefonica international wholesale services France
TICL,TELEHOUSE INTERNATIONAL CORPORATION OF EUROPE LTD
TEMA,TELEKOM MALAYSIA (UK) LIMITED
TEDA,Telelec datacom
MAQU,Telemaque
TEED,Telemaque edition
TMRK,Telemark
TEMO,TELEMONDIAL
TLFA,Téléphonie aveyronnaise
TRIR,Téléphonie réseau informatique
TYNG,Telephony consulting
TEIS,Telequest & internet solutions GmbH
AGNO,Teleragno
TERY,Telerys communication
TLSM,Telesmart Limited
TESO,Telesoft
TEHI,Telethic
TF1,Télévision Française 1
TENS,Telfax communications
TEIA,Telia carrier France
TLIA,Teliacom
TECY,Telicity communications
TELL,TELLIS
BUFR,Tellpe
TELU,TELLUS
TELM,Telmo
TEOO,Telnoo telecommunications
TEIR,Telnyx Ireland limited
TELO,TELOISE
TLON,Tel-on
TLRV,Telserv B.V.
TELS,Telstra Limited
TEGL,Telvox global B.V.
TELW,TELWAN
TELX,Telxius cable Espana SL
STEL,Telyo
TNEO,Teneo
TENI,Teranis telecom
REIS,TERRALIS
TERR,TERRITOIRES SANS FIL
TESS,Tessa
TETA,Tetaneutral.net
TF2I,TF2i
TGCO,Tgcom
THAL,Thales communications & Security SAS
THD6,THD 06
THD5,THD 59-62
HD66,THD 66
THD7,Thd 73
NE29,THD 83
THD4,THD42 exploitation
THDD,THD64
THDT,Thdtel
THSY,Thinkro system
THUN,Thundercom
THUR,THURAYA TELECOMMUNICATIONS COMPANY
TISF,TI sparkle France SAS
TIBA,Tibase
TIBR,Tibro France SARL
TICE,Ticeo
TICO,Tico technology Ltd
TIKE,Tikeasy
TIMA,Timaca
TIMP,Timepiece - servicos de consultoria LDA
TISO,Tims solutions
TIMS,Tims systemes
TINE,Tinet S.p.A.
TISM,Tismi B.V.
TITE,TI-TEXT
TLPA,TL partenaires
TISY,Tl systèmes
TLEC,T-lecom
TLOP,T-link network operateur
TMHT,T-Mobile hotspot GmbH
TMTA,TMT Analysis Limited
TNSI,TNS Info
R050,Tolosane informatique
TOOL,Toolip
TOOT,TOOTAI
TPMD,Top media
TOPE,Topensi telecom
TOPM,TopMeeting
TOTA,Totalcloud
TOCN,Toucan ergonomie
TDNK,Touraine data network
TORE,Touraine réseau
TMNU,Tours Métropole Numérique
TOWE,TOWERCAST
TRDC,Trade 101
TRPA,TRADING PARTNERS
TRAI,Traidingcom
TRIT,TRANQUIL I.T.SYSTEMS
TAOM,Transacom
TRNS,Transaction network services
TRAT,Transatel
TRRE,Transdev Reims
TAST,Transit
TRAN,TRANSMISSION
TRTI,Transtelinfo
TNWK,Transvision net work
TRCO,Travel communication
TRWF,Travel wifi
R049,Trebons haut debit
TRKK,Trekk
THDB,Très haut débit Bretagne
TRIN,Trinaps
TRIM,TRNK
IPTV,TROPICAL IPTV STREAMS
TRMC,Troude Mathieu Christian
TROY,Troyes telecom
TRUN,Trunkline telecom 
TRFR,Truphone France
SCNL,Truphone Limited
TRUS,TRUST INFO SARL
TRLI,TRUSTIVE LIMITED
TRTT,Trustteam
TSIN,Ts informatique
TSPO,TSP ONE LIMITED
TTSE,Ttservices
TU18,TUTOR 18
TEES,Tutor Europ'Essonne
TILM,Tuyaux internet libre du Maine
R205,TV Ardeche
TWIL,Twilio Ireland Limited
TWSI,TWS international
TYCL,Ty cloud
TYLI,Ty-line
TZM,TZM
ULIN,U LINK
UBGD,UBG digital media
UBIC,Ubicentrex
UCCE,UCC experts unified communication and collaboration
UCLK,Ucloudlink (UK) Co Ltd
RMEM,UEM3
ULRE,Ultra réseau
UNNT,Uneeti
UNIF,Unifiy GmbH & Co
UNIK,Unikloud
UNIM,UNIMEDIA SERVICES
USED,Union des Secteurs d'Energie du département de l'Aisne
UTTV,United telecom et travaux
UTOU,United telecom Ouest
STMB,United telecommunication services Caraïbe
UNIT,Unitelecom
UNCO,Universal connect
UCSY,Universal consortium system
UBP,UNIVERSITE BLAISE PASCAL
UBDX,Université de Bordeaux
ULIM,UNIVERSITE DE LIMOGES
UNLO,UNIVERSITE DE LORRAINE
UPPA,Université de Pau et des Pays de l'Adour
UNPO,Université de Poitiers
USLB,Unseenlabs sas
SVCM,Unyc
CAGM,UPC CABLECOM
UPIT,Upi telecom
UPLN,Up-Line
UPMA,Up'marketing
UPSA,Upsale
URAN,Uranus
URBI,Urbik 
ACTC,URDIALES Jodie
UVAC,Uvacom
VASO,VA Solutions
VAET,Vaeti
VDLF,Val de Loire Fibre
VOFI,Val d'Oise Fibre
VALE,Valesys
VCMB,Vallée de Chamonix Mont-Blanc connectée
VALO,Valofibre
VAIT,Value IT
VANC,Vanco SAS
VANE,Vanegue David Roger Dominique
VANN,VANNES AGGLO NUMERIQUE
VTHD,Var Très Haut Débit
VAST,Vast new telecom
VANU,Vaucluse numerique
VTEH,Vctech
VDCM,VD com
VDPC,VDP conseils 
VETC,Vecteur TC
MUND,Vectone mobile
VELD,Veldissimo telecom
VELU,Velumware
VENN,Venn SPRL
VEOD,Veodis operateur
MCI,Verizon France
SAEN,VERMEULEN Samuel
VERR,VERRAC FABRICE
VESP,VESPERIA
R054,Vesubie decouverte
VETO,VETOQUINOL
VIAN,VIA NUMERICA
VIAD,Viadialog
VIAL,Vialis
VIET,Vianet
VIAP,VIAPASS NETWORKS
VRZO,Viarézo
VIAS,ViaSat satellite ventures holdings Luxembourg
VGSF,Viatel global services France
VTCM,VIATELECOM
VIVO,Via-Vox SARL
VIBR,VIBRISNET
VSAE,Vidéo sécurité Atlantique
VIDE,VIDEO SYNTHESE PRODUCTIONS LTD
VIES,Vie et Espoir
VGHD,Vienne glane haut debit solidaire
VIEN,Vienne numérique
R184,Village numerique
VAUB,Ville d'Aubagne
VRSY,Ville de La Roche-sur-Yon
VMAM,Ville de Mamoudzou
VVREN,Ville de Rennes
STLS,Ville de Saint-Louis
TALA,Ville de Talant
VNCT,VINCENT Cédric
VINI,VINOT Nicolas
VIPT,Vip Telecom
VIRT,Virtual SR
VIKS,Virtua-networks
VICO,Vist and com
VITA,Vital equipement
VITE,VITEip
VITS,Vitis
VIMU,Viva multimedia
VIVA,Vivaction
VIFI,Viviers fibre
R056,Vivre au pays des Gaves
VIXT,VIX-TELECOM
VOME,VOCALCOM MENAT
CAWI,Vodafone Enterprise France SAS
VODT,Vodo
VODO,VODO TELECOM
VOGA,VOGANET
VOIC,Voicenet solutions Ltd
VONN,VOIP Nord Normandie
VOIM,Voip telecom
VOTP,VOIP telecom - Paris
VOTR,VOIP telecom réseaux
VOSU,VOIP telecom Sud Ouest
VOIP,Voipgate S.A.
VOKT,VOKTO
VONA,Vonage Limited
VORT,Vortex web semantique
VOEL,Votel
VOXB,Voxbone
VXDS,Voxidis
VOXI,VOXITY
VOXS,Voxsquare
VOZI,VoziT
VPSL,VPS telecom Ltd
VTEE,VTE Technologies
VUEC,Vuecom
VUET,VueTel
VWIN,VW interactive
W3TE,W3tel
WANG,WAN AGAIN
WAEL,Wanatel
WANT,Wantel
WAPE,WAPE services
WAVE,Wavecrest communications France
WAXX,Waxx
WAYC,Waycom international
WARE,Waycom retail
R188,Wayscom
WECO,We connect
INFS,Weaccess group
WEB2,Web 2 France
WBEB,Web expert business
WIMA,Web In Mars
WMTM,Web mobile telecom W.M.T
WT&S,Web technologies & services
WTRI,Web tribu
WEYS,Webaxys
WEBL,WEBLIB
WEEG,WEEGOO
WELI,Welio
WEBE,Well be'in
WEIS,Well IT Solutions
WENG,Wengo
WIOC,West indian ocean cable company Ltd
WEIN,West info
WESY,Wesy
WSYS,Wesys
WUIN,What's up informatique
IPAR,Wibox
WICO,Wico
R210,WICONNECT
WDOM,Widome
R191,Wifi Braconne et Charente
WIET,Wifi commun Menet
R214,Wifi Lusignan
WIME,WIFI Metropolis B.V.
R058,Wifi Reunion
R059,Wi-fi Saint-Auban 06850
WFJU,Wifi@StJulien
WIAC,WIFILINK-ACCESS
WIIN,WIFILINK-INFRASTRUCTURE
R060,Wifinet 55
R174,WIFIRST
WIGA,WiGard
ICON,Wiibus
WIIK,Wiikom
WIIZ,Wiizone SAS
WIKT,Wik telecom
WIMI,WIMIFI SYSTEMS TELECOM AND ELECTRONICS
WINC,Wincom group
WIND,Wind wheel telecom
WINE,WINEA
WINV,Winvest capital
WIP,Wip telecom
WICH,Witech
WITE,Witecom
BRHM,Wixalia
R175,WIZEO
WMAN,WM
WMNE,WM Networks
WONE,Wonet
WANK,World area network
WSGU,WORLD SATELLITE GUADELOUPE
WORL,Worldcall
ATOW,Worldline
WDCO,WORLDLINE COMMUNICATION
R176,WS CONNECTIVITY
XANK,Xankom
XEFI,Xefi Lyon
XENO,Xenop
YLLA,xFibre
WFLD,XILAN
XKCT,xKonnect
XLSO,XLS Optronic
XSAL,XSALTO
YCNK,Yconik
YNOV,Ynover telecom
YOKS,Yokseo
YOOT,Yooth information technology
MEGA,Youpass
YOUR,Your digital
RNG4,Yourvirtualsim Inc.
YSIA,Ysatia
YSIP,YSI PC
YUAV,Yuave limited
YUUT,Yuutel GmbH
YVEN,Yvelines entreprises numériques
YVFI,Yvelines fibre
YVNU,Yvelines numériques
YVEX,Yvexa
YZIA,YZIACT
ZAHA,Zahafi Mohammed Hicham
ZAIO,Zaio
VFSU,Zayo enterprise France
NEOT,Zayo France
ABOV,ZAYO GROUP EU LIMITED
VIAT,Zayo infrastructure France
ZETE,ZE telecom
ZEEN,Zeenetworks
ZCOE,Zenco
ZEOP,Zeop
ZEMO,Zeop mobile
CAEU,Zero forfait
ZETA,Zetark
ZIRO,Ziron (UK) LTD
ZOOM,Zoom voice communications Inc.
ZWIN,Zwinti
